FCD,GEFROE,NEO,DATA,PREFIXO,KM,SERVIÇOS,EMPRESA,VALOR,RESULTADO,,
*****,*****,2398,21/02/2022,TP-17004,128354,"Fornecer e substituir o óleo do motor;
 Fornecer e substituir o filtro de óleo do motor;
 Fornecer e substituir o filtro de combustível;
 Fornecer e substituir o filtro de ar do motor;
 Fornecer e substituir o filtro de ar da cabine (ar condicionado). Fornecer e substituir o kit da correia dentada com tensor;
 Fornecer e substituir 04 (quatro) pneus de medida 185/65R15;
 Realizar alinhamento de direção e balanceamento dos 4 pneus.
 Realizar lavagem completa e higienização.",R 9 AUTO PECAS E SERVICOS,"R$ 4.372,16",FINALIZADA NA NEO,,
*****,*****,2400,05/01/2022,AC-17002,133600,"Fornecer e substituir o óleo do motor;
 Fornecer e substituir o filtro de óleo do motor;
 Fornecer e substituir o filtro de combustível;
 Fornecer e substituir o filtro de ar do motor;
 Fornecer e substituir o filtro de ar da cabine (ar condicionado), realizando higienização do sistema;
 Fornecer e substituir pastilha de freio; Realizar revisão de freios traseiro e dianteiro.",R 9 AUTO PECAS E SERVICOS,"R$ 1.635,43",FINALIZADA NA NEO,,
*****,*****,2404,*****,ABE-17101,*****,Fornecer e substituir o óleo do motor; Fornecer e substituir o filtro de óleo do motor; Fornecer e substituir o filtro de combustível; Fornecer e substituir o filtro de ar do motor; Fornecer e substituir as palhetas dos limpadores do para-brisas.,OLUCHI REPARAÇÕES AUTOMOTIVA,"R$ 5.004,93",CANCELADA NA NEO,,
*****,*****,*****,05/01/2022,TP-17004,126867,TROCA DE PASTILHA DE FREIO DIANTEIRA. PRÓXIMA INSPEÇÃO: 137000 KM,IKEDA,"R$ 145,00",NÃO HOUVE O.S. GEFROE,NOTA PARA FEVEREIRO,
*****,*****,*****,06/01/2022,VO-17008,196390,"TROCA DO BRAÇO AUXILIAR, BIELETA E ALINHAMENTO",IKEDA,"R$ 434,00",NÃO HOUVE O.S. GEFROE,NOTA PARA FEVEREIRO,
*****,*****,*****,10/01/2022,ABS-17103,124719,REPARO EM RADIADOR E TROCA DE FLUÍDO DE ARREFECIMENTO,BF DIESEL,"R$ 645,00",NÃO HOUVE O.S. GEFROE,NOTA PARA FEVEREIRO,
*****,*****,2424,15/02/2022,UR-17104,100159,substituir o catalizador do escapamento; substituir o escapamento completo; substituir 01 (um) par de palhetas para os limpadores de para-brisa.,MARVANS,"R$ 2.250,00",FINALIZADA NA NEO,,
*****,*****,2427,*****,ASE-17101,*****,"reparo para reativação da cascata; teste hidrostático nos cilindros do banco de ar; substituir os materiais necessários para realizar a ligação do sistema de cascata, bem como a interligação entre o sistema de cascata, compressor, cilindros e painel; substituir peças e materiais necessários para realizar a ampliação do painel já existente, utilizado para monitorar a pressão do primeiro e segundo estágio; substituir a chapa do painel, confeccionado em aço inox; substituir 02 (dois) manômetros do painel; reparo no sistema elétrico do sistema; substituir o óleo do compressor; substituir o filtro de captação; substituir o filtro de purificação; substituir o filtro de óleo do compressor.",*****,R$ -,CANCELADA NA NEO,,
*****,*****,2432,*****,TP-17001,*****,"Reformar o banco do motorista, fornecendo todo o material necessário, compatível com o já existente; Fornecer e substituir os 02 (dois) faróis de milha, conforme especificações do fabricante do veículo; Reformar a forração das 04 (quatro) portas, fornecendo todo o material necessário, compatível com o já existente; Reparar e reformar o para-choque dianteiro; Fornecer e substituir os 02 (dois) ""piscas"" dos retrovisores; Realizar pintura geral, fornecendo todo o material necessário bem como a tinta na cor específica da viatura.",*****,R$ -,CANCELADA NA NEO,,
*****,*****,2433,14/01/2022,UT-17001,83016,"Polimento e cristalização externa total, incluindo lanternas e faróis, fornecendo todo o material necessário",APICE MOGI,"R$ 520,00",FINALIZADA NA NEO,,
*****,*****,2434,11/01/2022,MO-17001,143317,"Polimento e cristalização externa total, incluindo lanternas e faróis, fornecendo todo o material necessário",APICE MOGI,"R$ 930,00",FINALIZADA NA NEO,,
*****,*****,2435,11/01/2022,VO-17008,196405,"Realizar recarga de gás no sistema do ar condicionado; Realizar limpeza e higienização no sistema do ar condicionado, utilizando ozônio; Fornecer e substituir o filtro de ar da cabine (ar condicionado).",APICE MOGI,"R$ 665,80",FINALIZADA NA NEO,,
*****,*****,2454,07/01/2022,TP-17000,227862,"Retífica de cabeçote, conforme NBR13032/09 e NBR 15831/10 e demais Normas ou NBR vigentes atualizadas.",INJETRONIC,"R$ 2.506,67",FINALIZADA NA NEO,,
*****,*****,2455,25/02/2022,ABE-17101,110845,"Recondicionar center post, fornecendo e substituindo kit de discos de cobre, vedações, óleo nafteno, parafusos e materiais elétricos (fios e conectores), conforme original da viatura",EVR REPRESENTAÇÕES,"R$ 17.526,40",FINALIZADA NA NEO,,
*****,*****,2475,28/01/2022,AS-17101,270771,"1. Fornecer e substituir óleo de motor;
 2. Fornecer e substituir filtro de óleo de motor;
 3. Fornecer e substituir filtro de ar do motor;
 4. Fornecer e substituir filtro de combustível.",CURIÓ SERVIÇOS,"R$ 785,28",FINALIZADA NA NEO,,
*****,*****,2478,15/02/2022,AB-17102,68662,"1. Fornecer e substituir óleo de motor;
 2. Fornecer e substituir o filtro de óleo de motor;
 3. Fornecer e substituir o filtro de ar do motor;
 4. Fornecer e substituir o filtro de combustível;
 5. Fornecer e substituir o filtro Racor;
 6. Realizar a limpeza do sistema de arrefecimento;
 7. Fornecer e substituir o líquido de arrefecimento.",CURIÓ SERVIÇOS,"R$ 3.645,81",FINALIZADA NA NEO,,
*****,*****,*****,06/01/2022,MOB-17104,50261,TROCA DE VELA; LIMPEZA DE BICO INJETOR; CARGA NA BATERIA,DOMÍNIO MOTOS,R$ -,NÃO HOUVE O.S. GEFROE,,
*****,*****,*****,06/01/2022,MOB-17101,58616,REVISÃO DE FREIOS; REVISÃO E CARGA NA BATERIA,DOMÍNIO MOTOS,"R$ 131,00",NÃO HOUVE O.S. GEFROE,,
*****,*****,*****,10/01/2022,AC-17002,133810,TROCA DA BATERIA AUXILIAR (MOURA 100AH). OBS.: 2 ANOS DE GARANTIA,REI DAS BATERIAS,"R$ 750,00",NÃO HOUVE O.S. GEFROE,,
*****,*****,*****,11/01/2022,TP-17001,276235,INSPEÇÃO DE FREIOS; TROCA DO KIT DA CORRÊA DENTADA; TROCA DO KIT DE ROLAMENTOS DE RODA TRASEIRO LE,IKEDA,"R$ 470,00",NÃO HOUVE O.S. GEFROE,,
*****,*****,*****,11/01/2022,CA-17001,247414,TROCA DO CILINDRO AUXILIAR DE EMBREAGEM; TROCA DO CILINDRO MESTRE DE EMBREAGEM; TROCA DO FLUIDO DE FREIO (DOT 4); TROCA DO CABO DO ACELERADOR; TROCA DO FLEXIVEL DA EMBREAGEM; E REGULAGEM DA EMBREAGEM.,BF DIESEL,"R$ 885,00",NÃO HOUVE O.S. GEFROE,,
*****,*****,*****,12/01/2022,AC-17002,133810,REGULAGEM DO FREIO ESTACIONÁRIO,BF DIESEL,R$ -,NÃO HOUVE O.S. GEFROE,,
*****,*****,*****,14/01/2022,AC-17002,133810,REPARO NO ALTERNADOR (TROCA DO REGULADOR DE VOLTAGEM; TROCA DOS ROLAMENTOS),NICOLAU,"R$ 568,50",NÃO HOUVE O.S. GEFROE,,
*****,*****,*****,12/01/2022,AS-17101,270009,CONSERTO DA PLACA DO VELOCÍMETRO; REPARO NO CHICOTE DE ALIMENTAÇÃO DO TACÓGRAFO,BAIANO VELOCIMETRO,"R$ 550,00",NÃO HOUVE O.S. GEFROE,,
*****,*****,*****,12/01/2022,AB-17102,67892,INSPEÇÃO E REGULAGEM DE FREIO,RE9 DIESEL,"R$ 150,00",NÃO HOUVE O.S. GEFROE,,
*****,*****,*****,14/01/2022,AB-17102,67892,TROCA DE: Kit de pastilhas de freio dianteiro; Kit de lonas de freio traseiro. OBS.: PRÓXIMA INSPEÇÃO COM 70400 MILHAS),INJETRONIC,"R$ 630,00",NÃO HOUVE O.S. GEFROE,,
*****,*****,*****,14/01/2022,MO-17001,143527,INSPEÇÃO DE FEREIO (PRÓXIMA COM KM 148527),APICE MOGI,R$ -,NÃO HOUVE O.S. GEFROE,,
*****,*****,2486,*****,VO-17003,*****,"1. Fornecer e substituir a placa do painel de instrumentos, conforme a especificação do fabricante;
 2. Revisar o sistema de instrumentação do painel, a fim de restabelecer seu funcionamento.",*****,R$ -,CANCELADA NA NEO,,
*****,*****,*****,18/01/2022,CM-17102,33657,TROCA DA BOMBA D'ÁGUA E ADITIVO PARA O RADIADOR,BF DIESEL,"R$ 1.250,00",NÃO HOUVE O.S. GEFROE,,
*****,*****,*****,19/01/2022,MOB-17101,58650,TROCA DA BATERIA (BATERIA FORNECIDA PELO CSM/MOpB),MOTOMEC,R$ -,NÃO HOUVE O.S. GEFROE,,
*****,*****,*****,19/01/2022,MOB-17104,50663,TROCA DA BATERIA (BATERIA FORNECIDA PELO CSM/MOpB),MOTOMEC,R$ -,NÃO HOUVE O.S. GEFROE,,
*****,*****,*****,19/01/2022,CM-17102,33662,MONTAGEM E TROCA DE 01 PNEU (PNEU EXTERNO LD DO EIXO DIANTEIRO DA CARRETA),RE9 DIESEL,"R$ 60,00",NÃO HOUVE O.S. GEFROE,,
*****,*****,2491,21/02/2022,CM-17102,34705,limpeza do radiador com varetagem; limpeza do intercoler; limpeza do reservatório e linha de arrefecimento; troca do fluido de arrefecimento; troca do kit de coxim da cabine.,INJETRONIC,"R$ 2.043,33",FINALIZADA NA NEO,,
*****,*****,2492,31/01/2022,ASE-17101,149400,troca do parabrisa dianteiro,COSMORAMA,"R$ 1.345,00",FINALIZADA NA NEO,,
*****,*****,2493,03/02/2022,VO-17008,197200,troca do parabrisa dianteiro,R 9 AUTO PECAS E SERVICOS,"R$ 1.015,50",FINALIZADA NA NEO,,
*****,*****,2494,10/02/2022,TP-17001,277400,"1. Fornecer e substituir o vidro do parabrisa dianteiro, conforme especificações do fabricante;
 2. Fornecer e substituir/instalar o retrovisor interno.",R 9 AUTO PECAS E SERVICOS,"R$ 985,00",FINALIZADA NA NEO,,
*****,*****,*****,26/01/2022,CM-17102,34057,INSPEÇÃO DE FREIO,RE9 DIESEL,"R$ 250,00",NÃO HOUVE O.S. GEFROE,,
*****,*****,2499,*****,RE-17102,*****,"1. Fornecer e substituir 08 (oito) pneus para caminhão, destinados ao reboque, dimensões 295/80 r22,5, construção radial, aro 22,5, ic 152/148, cod. vel. “m”, novo (primeira vida), com certificação compulsória inmetro. Atendendo a norma ABNT NBR 15296/2005;
 2. Efetuar o balanceamento e calibragem dos referidos pneus, conforme especificações do fabricante.",*****,R$ -,CANCELADA NA NEO,,
*****,*****,2506,19/03/2022,AC-17002,138400,"1. Fornecer e substituir as pastilhas de freio, conforme especificação do fabricante; (OBS.: PRÓXIMA INSPEÇÃO COM 141000 KM)
 2. Efetuar a revisão e regulagem do sistema de freios dianteiro e traseiro.",R 9 AUTO PECAS E SERVICOS,"R$ 523,00",FINALIZADA NA NEO,,
*****,*****,2507,*****,AB-17201,*****,"1. Fornecer e substituir o kit de embreagem;
 2. Recondicionar o câmbio;
 3. Executar a montagem do câmbio, deixando em plenas condições de uso.",*****,R$ -,CANCELADA NA NEO,,
*****,*****,*****,02/02/2022,VO-17103,10312,REVISÃO DOS 10.000 KM => TROCA DE ÓLEO E FILTRO DE ÓLEO,DESTAQUE FIAT MOGI,R$ -,NÃO HOUVE O.S. GEFROE,,
*****,*****,*****,03/02/2022,AC-17002,134800,TROCA DAS PASTILHAS DE FREIO,BF DIESEL,"R$ 200,00",NÃO HOUVE O.S. GEFROE,,
*****,*****,*****,02/02/2022,MT-17004,62086,TROCA DE ÓLEO,MOTOMEC,R$ -,NÃO HOUVE O.S. GEFROE,,
*****,*****,*****,03/02/2022,VO-17008,197200,TROCA DA BATERIA (GARANTIA DA O.S. NEO 1914),APICE MOGI,R$ -,NÃO HOUVE O.S. GEFROE,,
*****,*****,*****,04/02/2022,TP-17001,277329,TROCA DOS 4 BICOS INJETORES. OBS.: REALIZADO SOCORRO NO QUARTEL (EB SHANGAI) E PASSADO O SCANNER PARA DIAGNÓSTICO.,REI DAS BATERIAS,"R$ 910,00",NÃO HOUVE O.S. GEFROE,,
*****,*****,*****,04/02/2022,AC-17002,134973,"EFETUADO UM ""JUMP"" COMO MEDIDA PALEATIVA PARA RESTABELECIMENTO DO SISTEMA DOS SINAIS SONOROS E LUMINOSOS. OBS.: É NECESSÁRIO PROVIDENCIAR OUTRO MÓDULO.",LUIZ (ENGESIG),"R$ 200,00",NÃO HOUVE O.S. GEFROE,,
*****,*****,*****,04/02/2022,MOB-17101,58726,REVISÃO ELÉTRICA PARA RESTABELECIMENTO DOS SINAIS SONOROS E LUMINOSOS,LUIZ (ENGESIG),R$ -,NÃO HOUVE O.S. GEFROE,,
*****,*****,*****,08/02/2022,AS-17101,271096,CONSERTO PNEU TRAS. DIR. EXTERNO,RE9 DIESEL,"R$ 30,00",NÃO HOUVE O.S. GEFROE,,
*****,*****,2519,02/03/2022,ABS-17101,247163,"(OBS.: CATADÃO GERAL NAS VTR'S)  1. Fornecer e substituir 03 (três) luminárias de LED do interior do compartimento de materiais;
 2. Fornecer e substituir 02 (dois) giroflex da parte traseira;
 3. Fornecer e substituir o kit com 06 (seis) lanternas laterais com módulo para Strobo;
 4. Fornecer e substituir 01 (um) metro da mangueira de alta pressão de ligação do carretel de mangotinho;
 5. Fornecer e substituir 02 (dois) parabarros de 50x60 traseiros;
 6. Realizar a revisão geral no sistema elétrico de acionamentos sonoros e luminosos, deixando em plenas condições de uso.",EVR REPRESENTAÇÕES,"R$ 5.874,00",FINALIZADA NA NEO,,
*****,*****,2524,25/02/2022,ABS-17103,126047,"(OBS.: CATADÃO GERAL NAS VTR'S) 1. Fornecer e substituir 06 (seis) lanternas de LED, redondas nas cores âmbar, vermelha e branca;
 2. Fornecer e substituir 02 (dois) parabarros traseiros 50x60; 
 3. Realizar revisão geral no sistema de iluminação, deixando em plenas condições de uso; 
 4. Realizar a revisão geral no sistema elétrico de acionamentos sonoros e luminosos, deixando em plenas condições de uso.",EVR REPRESENTAÇÕES,"R$ 3.876,67",FINALIZADA NA NEO,,
*****,*****,2525,25/02/2022,ASE-17101,150155,"(OBS.: CATADÃO GERAL NAS VTR'S)  1. Fornecer e substituir 01 (uma) lâmpada H3 do farol lado passageiro;
 2. Fornecer e substituir 02 (dois) parabarros 50X60 traseiros; 
 3. Fornecer e substituir 02 (duas) lâmpadas vigias dianteiras;
 4. Fornecer e substituir 01 (uma) lente de lanterna traseira esquerda;
 5. Fornecer e substituir 01 (uma) lâmpada de lanterna de iluminação da placa; 
 4. Realizar a revisão geral no sistema elétrico de acionamentos sonoros e luminosos, deixando em plenas condições de uso.",EVR REPRESENTAÇÕES,"R$ 1.700,00",FINALIZADA NA NEO,,
*****,*****,2526,04/04/2022,MO-17001,145020,"1. Fornecer e substituir o filtro lubrificante;
 2. Fornecer e substituir o filtro de combustível; 
 3. Fornecer e substituir o filtro de ar;
 4. Fornecer e substituir óleo de motor, conforme as especificações do fabricante.",APICE JACU PESSEGO,"R$ 790,00",FINALIZADA NA NEO,,
*****,*****,*****,11/02/2022,AB-17102,68594,REPARO NO TERMINAL DO INTERRUPTOR DE ACIONAMENTO DO VIDRO DIANTEIRO LADO DIREITO,NICOLAU,,NÃO HOUVE O.S. GEFROE,,
*****,*****,*****,21/02/2022,TP-17000,229139,TROCA DE BATERIA MARCA HELIAR 60AH (n°série 17210751202) GARANTIA 24 MESES,REI DAS BATERIAS,"R$ 400,00",NÃO HOUVE O.S. GEFROE,,
*****,*****,*****,17/02/2022,ABS-17105,19465,TROCA DO SENSOR DE NÍVEL DO GOVERNADOR DA BOMBA DE INCÊNDIO (OBS.: SENSOR ENVIADO PELA EMPRESA RESPONSÁVEL PELA GARANTIA. TROCA EFETUADA PELA PRONTIDÃO DE SERVIÇO NO DIA),PB GUARAREMA,R$ -,NÃO HOUVE O.S. GEFROE,,
*****,*****,*****,23/02/2022,ASE-17101,149664,COMPRA DE: CABO DO AFOGADOR,NOGUTI CAMINHÕES,"R$ 48,00",NÃO HOUVE O.S. GEFROE,,
*****,*****,*****,23/02/2022,ASE-17101,149664,TROCA DO CABO DO AFOGADOR,PRONTIDÃO AZUL (CB SOARES),R$ -,NÃO HOUVE O.S. GEFROE,,
*****,*****,2532,07/04/2022,UR-17209,79323,1. Fornecer e substituir 01 (uma) lâmina do feixe de mola (lado do condutor).,EVR REPRESENTAÇÕES,"R$ 3.250,00",FINALIZADA NA NEO,,
*****,*****,2533,18/03/2022,MOB-17102,62382,"1. Fornecer e substituir óleo de motor, conforme especificações do fabricante;
 2. Fornecer e substituir o filtro de óleo do motor, conforme especificações do fabricante;
 3. Fornecer e substituir o filtro de ar, conforme especificações do fabricante;
 4.  Fornecer e substituir os discos de embreagem, conforme especificações do fabricante;
 5. Fornecer e substituir o cubo de embreagem, conforme especificações do fabricante;
 6. Fornecer e substituir os separadores dos discos de embreagem, conforme especificações do fabricante;
 7.  Fornecer e substituir o platô de embreagem, conforme especificações do fabricante;
 8.  Fornecer e substituir o cabo de embreagem, conforme especificações do fabricante.",RAVI MOTOS,"R$ 4.181,46",FINALIZADA NA NEO,,
*****,*****,2535,*****,AB-17201,*****,1. Fornecer e substituir 01 bateria (acumulador de energia) de 12V 150Ah.,EVR REPRESENTAÇÕES,"R$ 1.400,00",CANCELADA NA NEO,,
*****,*****,*****,01/04/2022,AC-17002,139290,TROCA DO KIT DE ACOPLAMENTO DO SISTEMA SONORO E ILUMINAÇÃO,LUIZ (ENGESIG),"R$ 550,00",NÃO HOUVE O.S. GEFROE,,
*****,*****,*****,25/02/2022,MOB-17104,51739,PROTETOR DE MOTOR E CARENAGEM,RAVI MOTOS,"R$ 1.276,80",NÃO HOUVE O.S. GEFROE,,
*****,*****,*****,25/02/2022,MOB-17105,39978,PROTETOR DE MOTOR E CARENAGEM,RAVI MOTOS,"R$ 1.276,80",NÃO HOUVE O.S. GEFROE,,
*****,*****,*****,25/02/2022,AB-17102,69050,MONTAGEM DE 01 PNEU (DIANTEIRO DIREITO),RE9 DIESEL,"R$ 30,00",NÃO HOUVE O.S. GEFROE,,
*****,*****,*****,07/03/2022,ABS-17103,126356,INSPEÇÃO DE FREIOS (OBS.: PRÓX. INSP. COM 128300 KM),RE9 DIESEL,R$ -,NÃO HOUVE O.S. GEFROE,,
*****,*****,2542,*****,UR-17206,*****,"1. Fornecer e substituir 04 (quatro) litros de óleo de câmbio 75W80;
 2. Fornecer e substituir 02 (duas) trizetas, conforme especificações do fabricante; 
 3. Fornecer e substituir 02 (dois) guarda pós das trizetas, conforme especificações do fabricante; 
 4. Fornecer e substituir 03 (três) litros de óleo de transmissão hidráulico ATF;
 5. Fornecer e substituir 01 (uma) bomba hidráulica, conforme especificações do fabricante;
 6. Fornecer e substituir 01 (uma) caixa de direção, conforme especificações do fabricante;
 7. Fornecer e substituir 02 (duas) juntas homocinéticas, conforme especificações do fabricante;
 8. Fornecer e substituir 02 (duas) bieletas, conforme especificações do fabricante;
 9. Fornecer e substituir 02 (duas) bandejas de suspenção, conforme especificações do fabricante;
 10. Fornecer e substituir 04 (quatro) bicos injetores completos, conforme especificações do fabricante.",*****,R$ -,CANCELADA NA NEO,,
*****,*****,2544,05/04/2022,VO-17008,199275,"1. Fornecer e substituir óleo de motor, conforme especificações do fabricante;
 2. Fornecer e substituir o filtro de óleo de motor, conforme especificações do fabricante;
 3. Fornecer e substituir o filtro de ar, conforme especificações do fabricante;
 4. Fornecer e substituir o filtro de combustível, conforme especificações do fabricante.",APICE MOGI,"R$ 913,00",FINALIZADA NA NEO,,
*****,*****,*****,03/03/2022,ABS-17102,145250,REPARO NO TERMINAL DO ALTERNADOR,REI DAS BATERIAS,"R$ 100,00",NÃO HOUVE O.S. GEFROE,,
*****,*****,*****,03/03/2022,UT-17002,209800,TROCA DA CORREA DO ALTERNADOR,REI DAS BATERIAS,"R$ 120,00",NÃO HOUVE O.S. GEFROE,,
*****,*****,*****,25/02/2022,UR-17104,100159,PROBLEMAS MECÂNICOS NO MOTOR (ACIONADA A GARANTIA). (OBS.: VTR RETIRADA DA OFICINA EM 25/05/2022 PELO CB LEANDRO E CB VIDOTTO).,GARAGGEM SERVIÇOS AUTOMOTIVOS,R$ -,NÃO HOUVE O.S. GEFROE,,
*****,*****,*****,07/03/2022,MO-17001,144442,05 (CINCO) LITROS DE ÓLEO DE MOTOR 5W30,NOGUTI CAMINHÕES,"R$ 315,20",NÃO HOUVE O.S. GEFROE,,
*****,*****,*****,07/03/2022,MOTOMEC,*****,COMPRA DE: 1/2 KG DE GRAXA AZUL; 03 DESENGRIPANTES EM SPRAY SUPER LUB; 02 DESENGRIPANTES EM SPRAY WD-40.,NOGUTI CAMINHÕES,"R$ 128,73",NÃO HOUVE O.S. GEFROE,,
*****,*****,*****,09/03/2022,ABS-17102,145284,SOCORRO MECÂNICO,BF DIESEL,"R$ 150,00",NÃO HOUVE O.S. GEFROE,,
*****,*****,*****,08/03/2022,TP-17004,128354,AR CONDICIONADO: TESTE DE VAZAMENTO; CARGA DE GÁS; TROCA DA CAIXA EVAPORADORA; TROCA DO FILTRO; TROCA DO SECADOR; TROCA DA VÁLVULA DE EXPANSÃO; LIKPEZA 141B,REFRIA'S CAR,"R$ 2.090,00",NÃO HOUVE O.S. GEFROE,,
*****,*****,*****,11/03/2022,ABS-17102,145522,INSPEÇÃO DE FREIOS (OBS.: PRÓX. INSP. COM 148000 KM),RE9 DIESEL,R$ -,NÃO HOUVE O.S. GEFROE,,
*****,*****,2550,30/05/2022,ASE-17101,150391,"1. Fornecer e substituir óleo de motor, conforme especificações do fabricante;
 2. Fornecer e substituir o filtro de óleo de motor, conforme especificações do fabricante;
 3. Fornecer e substituir o filtro de ar do motor, conforme especificações do fabricante;
 4. Fornecer e substituir os filtros de combustível primário e secundário;
 5. Fornecer e substituir o filtro Racor, conforme especificações do fabricante;
 6. Realizar a limpeza do sistema de arrefecimento;
 7. Fornecer e substituir o líquido de arrefecimento.",INJETRONIC,"R$ 2.419,34",FINALIZADA NA NEO,,
*****,*****,*****,01/03/2022,AB-17102,69413,"FUNCIONAMENTO ANORMAL DA BOMBA DE INCÊNDIO => troca dos sensores pressostato, de ativação do sistema segurança e das lanternas traseira.",EVR REPRESENTAÇÕES,"R$ 1.800,00",NÃO HOUVE O.S. GEFROE,,
*****,*****,2554,*****,AB-17201,*****,1. Fornecer e substituir 01 bateria (acumulador de energia) de 12V 150Ah.,EVR REPRESENTAÇÕES,"R$ 860,00",CANCELADA NA NEO,,
*****,*****,2556,04/04/2022,UT-17001,86319,"1. Fornecer e substituir 04 (quatro) pneus com as seguintes características: 
 - Medidas: 175/70R14;
 - Índice de carga: 84;
 - Índice de velocidade: T;
 2. Realizar o balanceamento das 04 (quatro) rodas;
 3. Realizar o alinhamento de direção.",APICE MOGI,"R$ 2.600,00",FINALIZADA NA NEO,,
*****,*****,*****,14/03/2022,MOB-17101,58857,Conserto do chicote da antena da codificção da chave e troca do gerador CJ (ou CKP) de pulsos,ROTA 1,"R$ 580,00",NÃO HOUVE O.S. GEFROE,,
*****,*****,2559,05/04/2022,VO-17008,199275,"1. Fornecer e substituir o conjunto de cilindros da embreagem;
 2. Fornecer e substituir o braço pitman;
 3. Realizar o alinhamento de direção.",APICE MOGI,"R$ 2.235,00",FINALIZADA NA NEO,,
*****,*****,2560,*****,ABE-17101,*****,"1. Fornecer e substituir o hélice do radiador (modelo novo);
 2. Fornecer e substituir o kit de mangueiras do sistema de arrefecimento;
 3. Fornecer e substituir a mangueira inferior do radiador;
 4. Fornecer e substituir os retentores e pistas dos cubos das rodas traseiras de ambos os lados;
 5. Fornecer e substituir as catracas dos freios traseiros de ambos os lados;
 6. Fornecer e substituir as buchas do ""s"" Cummins de ambos os lados;
 OBS.: os itens 7 a 11 tratam-se apenas de mão de obra, pois as devidas peças serão fornecidas pelo Corpo de Bombeiros:
 7. Substituir os tambores dos freios traseiros de ambos os lados;
 8. Substituir os kits de lonas traseiras de ambos os lados;
 9. Substituir o radiador de arrefecimento;
 10. Substituir os prisioneiros das rodas traseiras de ambos os lados;
 11. Substituir o reparo da bomba de água e carcaça.",*****,R$ -,CANCELADA NA NEO,,
*****,*****,*****,16/03/2022,AS-17101,272203,RETIRADA 04 PNEUS TRASEIROS (OBS.: PNEUS FORNECIDOS PELO CSM),CSM/MOpB,R$ -,NÃO HOUVE O.S. GEFROE,,
*****,*****,*****,17/03/2022,AS-17101,272203,DIAGNÓSTICO NO SISTEMA DE FREIOS,BF DIESEL,R$ -,NÃO HOUVE O.S. GEFROE,,
*****,*****,*****,18/03/2022,ASE-17101,150155,REPARO NO CILINDRO DA PATOLA,EVR REPRESENTAÇÕES,"R$ 2.350,00",NÃO HOUVE O.S. GEFROE,,
*****,*****,*****,18/03/2022,MOB-17105,39909,TROCA DA PLACA DO SISTEMA DE SINAIS SONOROS E LUMINOSOS (OBS.: PEÇA FORNECIDA PELO CSM AO CB PM VIANA. TROCA EFETUADA PELO CB PM VIANA),EB BRÁS CUBAS,R$ -,NÃO HOUVE O.S. GEFROE,,
*****,*****,*****,21/03/2022,CA-17001,247786,TROCA DO CILINDRO DE EMBREAGEM (GARANTIA),BF DIESEL,R$ -,NÃO HOUVE O.S. GEFROE,,
*****,*****,*****,21/03/2022,ABS-17102,145747,REPARO NO MOTOR DE PARTIDA (TROCA DO AUTOMÁTICO; TROCA DO PORTA ESCOVA; TROCA DE 3 LÂMPADAS),REI DAS BATERIAS,"R$ 478,00",NÃO HOUVE O.S. GEFROE,,
*****,*****,2569,25/04/2022,CM-17102,35532,"1. Fornecer e substituir o kit de sincronização da 4ª marcha;
 2. Fornecer e substituir o óleo do câmbio.",CURIÓ SERVIÇOS,"R$ 9.015,23",FINALIZADA NA NEO,,
*****,*****,*****,22/03/2022,VO-17003,249183,TROCA DO PAINEL DE INSTRUMENTOS,COBRA VELOCÍMETROS,"R$ 2.000,00",NÃO HOUVE O.S. GEFROE,,
*****,*****,*****,25/03/2022,AS-17101,272203,COMPRA DOS 2 PNEUS DIANTEIROS,DELLAVIA PNEUS,"R$ 1.540,00",NÃO HOUVE O.S. GEFROE,,
40.678,*****,*****,25/03/2022,AS-17101,272203,TROCA DOS 6 PNEUS (OBS.: APENAS MONTAGEM. PNEUS DIANTEIROS COMPRADOS NA DELLAVIA PNEUS MOGI. PNEUS TRASEIROS FORNECIDOS PELO CSM),RE9 DIESEL,"R$ 150,00",NÃO HOUVE O.S. GEFROE,,
*****,*****,*****,22/03/2022,ASE-17101,150155,COMPRA DA MOLA DO ACELERADOR SCANIA,NOGUTI CAMINHÕES,"R$ 8,49",NÃO HOUVE O.S. GEFROE,,
*****,*****,*****,23/03/2022,MOB-17105,39977,TROCA DA CÂMARA DE AR DO PNEU TRASEIRO,ROTA 1,"R$ 172,00",NÃO HOUVE O.S. GEFROE,,
*****,*****,*****,16/03/2022,AB-17102,69699,SOCORRO MECÂNICO E TROCA DA MANGUEIRA HIDRAULICA,BF DIESEL,"R$ 550,00",NÃO HOUVE O.S. GEFROE,,
*****,*****,2572,05/04/2022,ASE-17101,150214,"1. Fornecer e substituir 12 (doze) laminas de acoplamento da bomba injetora;
 2. Fornecer e substituir o retentor do eixo da bomba injetora;
 3. Fornecer e substituir o jogo de parafusos para acoplamento;",BF DIESEL,"R$ 2.020,00",FINALIZADA NA NEO,,
*****,*****,2573,13/04/2022,AS-17101,272550,"1. Fornecer e substituir o jogo de lonas traseiro;
 2. Fornecer e substituir tambor de freio traseiro lado direito;
 3. Fornecer e substituir patim do freio traseiro lado direito;
 4. Fornecer e substituir retentor do cubo traseiro lado direito;
 5. Fornecer e substituir o óleo do cambio diferencial 80W90.",BF DIESEL,"R$ 2.470,00",FINALIZADA NA NEO,,
*****,*****,2586,04/05/2022,MT-17001,21140,"1. Fornecer e substituir óleo de motor;
 2. Fornecer e substituir o filtro de óleo de motor;
 3. Fornecer e substituir o filtro de ar do motor;
 4. Fornecer e substituir o filtro de combustível;",LYLLY MOTOS,"R$ 161,00",FINALIZADA NA NEO,,
*****,*****,2587,20/04/2022,MOB-17105,40797,"1. Fornecer e substituir óleo de motor;
 2. Fornecer e substituir o filtro de óleo de motor;
 3. Fornecer e substituir o filtro de ar do motor;",RAVI MOTOS,"R$ 939,79",FINALIZADA NA NEO,,
40.584,*****,*****,04/04/2022,ABS-17102,146394,COMPRA DE: 01 FECHO DO CINTO DE SEGURANÇA DIANT.ESQ.; 02 LÂMPADAS H11 55W 12V; 03 LÂMPADAS 24V DE PAINEL.,NOGUTI CAMINHÕES,"R$ 211,62",NÃO HOUVE O.S. GEFROE,,
*****,*****,2592,14/04/2022,UT-17001,87037,"1. Fornecer e substituir o jogo de pastilhas de freio;
 2. Fornecer e substituir os discos de freio;
 3. Fornecer e substituir o fluído de freio;
 4. Regular e limpar o freio traseiro;
 5. Fornecer e substituir o óleo do motor;
 6. Fornecer e substituir o filtro de óleo do motor;
 7. Fornecer e substituir o filtro de combustível;
 8. Fornecer e substituir o filtro de ar do motor;",R 9 AUTO PECAS E SERVICOS,"R$ 1.280,00",FINALIZADA NA NEO,,
*****,*****,2593,28/04/2022,AS-17201,???,"1. Fornecer e substituir 02 (dois) pneus dianteiros de medida 7.50 R16, com índice de carga e velocidade: 122/120L.
 2. Realizar o balanceamento dos pneus;
 3. Realizar alinhamento de direção.",COSMORAMA,"R$ 3.196,00",FINALIZADA NA NEO,,
*****,*****,2594,14/04/2022,AC-17002,139800,"1. Fornecer e substituir o jogo de pastilhas de freio;
 2. Fornecer e substituir os discos do freio dianteiro;
 3. Fornecer e substituir os tambores do freio traseiro;
 4. Fornecer e substituir as lonas do freio traseiro;",APICE MOGI,"R$ 2.330,00",FINALIZADA NA NEO,,
42.037,*****,*****,06/04/2022,MO-17001,145020,TROCA DO COXIM DO MOTOR E TROCA DO SUPORTE DO MOTOR,APICE MOGI,"R$ 1.248,00",NÃO HOUVE O.S. GEFROE,,
*****,*****,*****,06/04/2022,CA-17001,247790,REPARO NA EMBREAGEM (GARANTIA),BF DIESEL,R$ -,NÃO HOUVE O.S. GEFROE,,
*****,*****,*****,06/04/2022,AB-17102,70060,REPARO NO SISTEMA DOS SINAIS LUMINOSOS,LUIZ (ENGESIG),"R$ 150,00",NÃO HOUVE O.S. GEFROE,,
*****,*****,2598,*****,ABE-17101,*****,"1. Fornecer e substituir o hélice do radiador (modelo novo);
 2. Fornecer e substituir o kit de mangueiras do sistema de arrefecimento;
 3. Fornecer e substituir a mangueira inferior do radiador;
 4. Fornecer e substituir os retentores e pistas dos cubos das rodas traseiras de ambos os lados;
 5. Fornecer e substituir as catracas dos freios traseiros de ambos os lados;
 6. Fornecer e substituir as buchas do ""s"" Cummins de ambos os lados;
 OBS.: os itens 7 a 11 tratam-se apenas de mão de obra, pois as devidas peças serão fornecidas pelo Corpo de Bombeiros:
 7. Substituir os tambores dos freios traseiros de ambos os lados;
 8. Substituir os kits de lonas traseiras de ambos os lados;
 9. Substituir o radiador de arrefecimento;
 10. Substituir os prisioneiros das rodas traseiras de ambos os lados;
 11. Substituir o reparo da bomba de água e carcaça.",*****,R$ -,CANCELADA NA NEO,,
*****,*****,2600,09/05/2022,ASE-17101,150214,"1. Fornecer e substituir o berço da bomba injetora Scania;
 2. Fornecer e substituir o rolamento da bomba injetora.",BF DIESEL,"R$ 5.860,00",FINALIZADA NA NEO,,
*****,*****,*****,11/04/2022,MOB-17101,58857,COMPRA DE: SENSOR CJ (CKP) PULSOS,MOTO FIELD,"R$ 1.069,18",NÃO HOUVE O.S. GEFROE,,
*****,*****,*****,11/04/2022,MOB-17104,52713,COMPRA DE: GERADOR CJ (CKP) PULSOS,MOTO FIELD,"R$ 1.069,18",NÃO HOUVE O.S. GEFROE,,
*****,*****,*****,12/04/2022,VO-17003,249431,PROBLEMAS MECÂNICOS NO MOTOR (ACIONADA A GARANTIA). (OBS.: VTR RETIRADA DA OFICINA EM 25/05/2022 PELO CB LEANDRO E CB VIDOTTO).,GARAGGEM SERVIÇOS AUTOMOTIVOS,R$ -,NÃO HOUVE O.S. GEFROE,,
*****,*****,2606,28/04/2022,MO-17001,145908,"1. Fornecer e substituir os dois faróis dianteiros;
 2. Realizar o devido ajuste de foco.",BF DIESEL,"R$ 1.790,00",FINALIZADA NA NEO,,
*****,*****,2607,06/06/2022,UT-17002,212964,"1. Fornecer e substituir os dois faróis dianteiros, por completo.",BF DIESEL,"R$ 1.780,00",FINALIZADA NA NEO,,
40.676,*****,*****,20/04/2022,MO-17001,145585,GRAFISMO,DIGITFIX,"R$ 100,00",NÃO HOUVE O.S. GEFROE,,
40.676,*****,*****,14/04/2022,VO-17103,18798,GRAFISMO,DIGITFIX,"R$ 155,00",NÃO HOUVE O.S. GEFROE,,
40.685,*****,*****,18/04/2022,VO-17102,35500,SERVIÇO DE INSTALAÇÃO DE 04 PNEUS,RE9 DIESEL,"R$ 80,00",NÃO HOUVE O.S. GEFROE,,
40.681,*****,*****,12/04/2022,CA-17001,247788,OBS.: FUNILARIA E PINTURA DA VO-17103 (SERVIÇO FAKE: RECONDICIONAMENTO DOS BICOS INJETORES; REGULAGEM DE VÁLVULAS DO MOTOR).,BF DIESEL,"R$ 1.150,00",NÃO HOUVE O.S. GEFROE,,
40.627,*****,*****,19/04/2022,MOB-17105,40797,TROCA DO CABO DE EMBREAGEM E ROLAMENTO DA CAIXA DE DIREÇÃO,RAVI MOTOS,"R$ 700,00",NÃO HOUVE O.S. GEFROE,,
40.675,*****,*****,27/04/2022,MOB-17101,58950,TROCA DO CABO DE EMBREAGEM E ROLAMENTO DA CAIXA DE DIREÇÃO,RAVI MOTOS,"R$ 700,00",NÃO HOUVE O.S. GEFROE,,
40.670,*****,*****,13/04/2022,AS-17101,272700,REPARO NO ALTERNADOR; TROCA DA CORREA DO ALTERNADOR,REI DAS BATERIAS,"R$ 554,00",NÃO HOUVE O.S. GEFROE,,
40.680,*****,*****,13/04/2022,ASE-17101,150214,REPARO NO MOTOR DE PARTIDA,REI DAS BATERIAS,"R$ 120,00",NÃO HOUVE O.S. GEFROE,,
40.665,*****,*****,19/04/2022,TP-17004,131258,TESTES NOS SISTEMAS DE INJEÇÃO E IGNIÇÃO; LIMPEZA DA TBI,NICOLAU,"R$ 140,00",NÃO HOUVE O.S. GEFROE,,
40.642,*****,*****,25/04/2022,AS-17101,272941,"RECONDICIONAMENTO DO PRIMEIRO BICO INJETOR, TROCA DA CORREIA AUXILIAR, TROCA CANO DA LINHA DE COMBUSTÍVEL, SOCORRO MECÂNICO",DANIEL (4 TEMPOS - ITAQUÁ),"R$ 1.261,00",NÃO HOUVE O.S. GEFROE,,
40.652,*****,*****,25/04/2022,ABS-17102,147288,TROCA DE: MOLA TRASEIRA 80x27 900 450x450 LAMINADA RETA COM FUROS; ESPIGÃO 14x8 AÇO FRESADO; GRAMPO 5/8; PORCA DUPLA 5/8; PORCA SIMPLES 14MB; REBITE FERRO CABEÇA REDONDA 3/8x1,MOLAMEC,"R$ 596,26",NÃO HOUVE O.S. GEFROE,,
40.674,*****,*****,23/04/2022,MT-17004,62260,TROCA DO CABO DO VELOCÍMETRO,ROTA 1,"R$ 64,00",NÃO HOUVE O.S. GEFROE,,
40.671,*****,*****,27/04/2022,AS-17101,272941,TROCA DO TENSOR DA CORREA DO ALTERNADOR,REI DAS BATERIAS,"R$ 518,00",NÃO HOUVE O.S. GEFROE,,
40.676,*****,*****,26/04/2022,ABS-17102,147230,REPARO NO MANGOTINHO (EMENDA MANGUEIRA 1 POL),UNIFLEX,"R$ 99,00",NÃO HOUVE O.S. GEFROE,,
40.673,*****,*****,27/04/2022,MT-17004,62259,TROCA DO PNEU TRASEIRO (OBS.: APENAS M.O. => PNEU FORNECIDO PELO CSM),TOTAL MOTOS,"R$ 45,00",NÃO HOUVE O.S. GEFROE,,
40.581,*****,*****,27/04/2022,AB-17102,70488,REPARO ELÉTRICO NO SISTEMA DO FAROL,LUIZ (ENGESIG),R$ -,NÃO HOUVE O.S. GEFROE,,
40.672,*****,*****,29/04/2022,CA-17001,247981,CONSERTO DE PNEU DIANTEIRO LD PASSAGEIRO,RE9 DIESEL,"R$ 30,00",NÃO HOUVE O.S. GEFROE,,
40.665,*****,*****,02/05/2022,TP-17004,131398,RETÍFICA DE CABEÇOTE; TROCA DA COIFA DA HOMOCINÉTICA (LADO DO CÂMBIO); TROCA DA BOBINA DE IGNIÇÃO.,MULTI PNEUS,"R$ 2.653,00",NÃO HOUVE O.S. GEFROE,,
40.684,*****,*****,04/04/2022,ASE-17101,150300,"PEÇAS DIVERSAS (GRAXA, ÓLEO, CABO DE ACWELERADOR...)",NOGUTI CAMINHÕES,"R$ 499,00",NÃO HOUVE O.S. GEFROE,,
*****,*****,2625,31/05/2022,RE-17102,*****,"1. Fornecer e substituir 04 (quatro) pneus para caminhão, destinados ao reboque, dimensões 295/80 r22,5, construção radial, aro 22,5, ic 152/148, cod. vel. “m”, novo (primeira vida), com certificação compulsória inmetro. Atendendo a norma ABNT NBR 15296/2005;
 2. Efetuar a montagem, balanceamento e calibragem de 08 (oito) pneus, conforme especificações do fabricante.",APICE MOGI,"R$ 13.000,00",FINALIZADA NA NEO,,
*****,*****,2626,???,AS-17201,???,Fornecer e substituir 02 (duas) câmaras de ar para pneu 7.50R16.,COSMORAMA,"R$ 290,00",FINALIZADA NA NEO,,
*****,*****,*****,04/05/2022,VO-17103,20626,"REVISÃO DOS 20.000 KM => TROCA DE: ÓLEO, FILTRO DE ÓLEO, FILTRO DE AR DO MOTOR, E FILTRO DE COMBUSTÍVEL. OBS.: PRÓXIMA REVISÃO AOS 30.000 KM OU 04/05/2023 (O QUE OCORRER PRIMEIRO).",DESTAQUE FIAT MOGI,R$ -,NÃO HOUVE O.S. GEFROE,,
40.706,*****,*****,09/05/2022,MOB-17104,52713,COMPRA DE 01 BATERIA (12L VP PIONEIRO),DOMÍNIO MOTOS,"R$ 385,00",NÃO HOUVE O.S. GEFROE,,
40.719,*****,*****,20/04/2022,MOB-17104,52713,Troca do gerador CJ (ou CKP) de pulsos,ROTA 1,"R$ 580,00",NÃO HOUVE O.S. GEFROE,,
*****,*****,2634,*****,TP-17001,*****,"1. Fornecer e substituir kit da correia dentada com rolamento tensor;
 2. Fornecer e substituir 02 (dois) faróis completos dianteiros;",*****,R$ -,CANCELADA NA NEO,,
41.726,*****,*****,03/05/2022,ABS-17102,147674,"REPARO NO IMPLEMENTO: SOLDA INTERNA NO TANQUE, FABRICAÇÃO DE SUPORTE EM INOX, MONTAGEM E DESMONTAGEM DE COMPARTIMENTOS, USINAGEM DO SUPORTE E TUBULAÇÃO INTERNA",REPRESSU,"R$ 1.483,60",NÃO HOUVE O.S. GEFROE,,
40.581,*****,*****,16/05/2022,AB-17102,70973,TROCA DO CONECTOR DO FAROL LD; DIAGNÓSTICO DEFEITO NA LANTERNA TRASEIRA ESQUERDA; REPARO NO CHICOTE DE ACIONAMENTO DOS FARÓIS,EVR REPRESENTAÇÕES,"R$ 1.100,00",NÃO HOUVE O.S. GEFROE,,
41.725,*****,*****,17/05/2022,ABS-17102,147674,"TROCA DA COROA, PINHÃO E ROLAMENTO DO DIFERENCIAL",BAIANINHO,"R$ 3.902,43",NÃO HOUVE O.S. GEFROE,,
41.727,*****,*****,17/05/2022,AC-17002,141471,TROCA DO ÓLEO E FILTRO DA TRANSMISSÃO AUTOMÁTICA,SH MATIC,R$ -,NÃO HOUVE O.S. GEFROE,,
*****,*****,*****,18/05/2022,ABS-17106,4227,REVISÃO DE ASSENTAMENTO DAS 50 HORAS,DIBRACAM,R$ -,NÃO HOUVE O.S. GEFROE,,
41.755,*****,*****,20/05/2022,ABE-17101,110893,COMPRA DE MANGUEIRA DO RADIADOR,JACFLEX,"R$ 170,20",NÃO HOUVE O.S. GEFROE,,
41.721,*****,*****,20/05/2022,AS-17101,273594,RECONDICIONAMENTO DO RADIADOR,RCM RADIADORES,"R$ 500,00",NÃO HOUVE O.S. GEFROE,,
41.728,*****,*****,24/05/2022,CM-17102,36410,TROCA DO SENSOR EMISSOR HALL CUMMINS ISC,TIZIL,"R$ 245,00",NÃO HOUVE O.S. GEFROE,,
41.757,*****,*****,19/05/2022,TP-17001,281087,SOCORRO NO LOCAL (PANE NO SISTEMA DE ALIMETAÇÃO DE COMBUSTÍVEL),DANIEL (4 TEMPOS - ITAQUÁ),R$ -,NÃO HOUVE O.S. GEFROE,,
41.758,*****,*****,16/05/2022,VO-17001,77072,"INSP. NOS SEGUINTES ITENS: BÓIA DE COMBUSTÍVEL, MARCADADOR DE TEMPERATURA, MARCADOR DE COMBUSTÍVEL.",BAIANO VELOCIMETRO,R$ -,NÃO HOUVE O.S. GEFROE,,
*****,*****,2640,13/06/2022,ASE-17101,150400,"Fornecer e substituir 02 (duas) baterias de 150Ah, 12V, selada.",APICE MOGI,"R$ 2.970,00",FINALIZADA NA NEO,,
41.758,*****,*****,24/05/2022,*****,*****,"COMPRA DE: 01 BÓIA DO TANQUE DE COMBUSTÍVEL (VO-17001), 01 CHAVE DE SETA (VO-17001), 06 LÂMPADAS 5W-12V, 06 LÂMPADAS 21W-12V, 06 LÂMPADAS 21/5W-12V, 02 FARÓIS AUXILIARES LED REDONDO (AS-17101).",NOGUTI CAMINHÕES,"R$ 668,15",NÃO HOUVE O.S. GEFROE,,
*****,*****,*****,25/05/2022,AC-17002,142150,INSPEÇÃO DE FREIOS (PRÓXIMA INSPEÇÃO COM 143.000 KM - INFORMÇAO DO CB PM GILSON),BF DIESEL,R$ -,NÃO HOUVE O.S. GEFROE,,
40.710,*****,*****,26/05/2022,ABS-17103,127709,RECONDICIONAMENTO DA BOMBA DA DIREÇÃO HIDRÁULICA; TROCA DO FLEXÍVEL DA DIR. HIDRÁULICA; TROCA DO ÓLEO HIDRÁULICO,BF DIESEL,"R$ 3.405,00",NÃO HOUVE O.S. GEFROE,,
*****,*****,2641,*****,UR-17206,*****,"RADIADOR; JOGO CORRENTE DE DISTRIBUICAO DO MOTOR (C/ GUIA, TENSOR E TENSIONADOR); FILTRO DE AR; FILTRO DE COMBUSTIVEL; FILTRO LUBRIFICANTE; OLEO DE MOTOR 5W30; ADITIVO DE RADIADOR; CORREIA DO ALTERNADOR; REMAPEAMENTO DE MÓDULO; RECONDICIONAMENTO DE TURBINA DO MOTOR; LIMPEZA NO SISTEMA DE ARREFECIMENTO; RECONDICIONAMENTO DE BICOS INJETORES.",*****,R$ -,CANCELADA NA NEO,,
*****,*****,2642,10/06/2022,TP-17001,281218,"1. Fornecer e substituir 02 (dois) rolamentos roda dianteira e traseira (LD e LE);
 2. Fornecer e substituir o kit da correia dentada (correia e rolamento tensor);
 3. Fornecer e substituir o sensor de rotação;
 4. Fornecer e substituir o coxim do câmbio;
 5. Fornecer e substituir o coxim do motor lado direito e esquerdo;
 6. Fornecer e substituir o puxador da porta lado esquerdo (motorista), conforme fabricante;
 7. Fornecer e substituir a capa do pisca do retrovisor, lado direito e esquerdo;
 8. Realizar limpeza do respiro do tanque de combustível;
 9. Recondicionar o motor de partida;
 10. Fornecer e substituir bateria de 60Ah, selada, primeira linha.",DANIEL (4 TEMPOS - ITAQUÁ),"R$ 4.800,00",FINALIZADA NA NEO,,
*****,*****,2643,29/06/2022,UT-17002,213550,"1. Fornecer e substituir o pivo da suspensão lado direito e esquerdo;
 2. Fornecer e substituir a bieleta dianteira;
 3. Fornecer e substituir a bucha da bandeja inferior;
 4. Fornecer e substituir a coifa da homocinética roda;
 5. Fornecer e substituir a coifa da homocinética câmbio;
 6. Fornecer e substituir o coxim do escapamento.",BF DIESEL,"R$ 1.716,00",FINALIZADA NA NEO,,
*****,*****,2644,*****,AC-17002,*****,"1. Fornecer e substituir o óleo do motor, conforme especificação da fabricante;
 2. Fornecer e substituir o filtro de óleo do motor;
 3. Fornecer e substituir o filtro de ar do motor;
 4. Fornecer e substituir o filtro de combustível;
 5. Fornecer e substituir o filtro de ar da cabine.",*****,R$ -,CANCELADA NA NEO,,
*****,*****,2645,20/06/2022,TP-17000,241400,"1. Fornecer e substituir o óleo do motor, conforme especificação da fabricante;
 2. Fornecer e substituir o filtro de óleo do motor;
 3. Fornecer e substituir o filtro de ar do motor;
 4. Fornecer e substituir o filtro de combustível;
 5. Fornecer e substituir o filtro de ar da cabine.
 6. Fornecer e substituir os limpadores do para-brisas dianteiro;
 7. Realizar higienização do sistema de ar condicionado;
 8. Realizar serviço de lavagem completa e limpeza interna da viatura.",R 9 AUTO PECAS E SERVICOS,"R$ 1.220,00",FINALIZADA NA NEO,,
41.765,*****,*****,24/05/2022,VO-17001,77267,TROCA DA CHAVE DE SETA,MACSOM,"R$ 100,00",NÃO HOUVE O.S. GEFROE,,
*****,*****,*****,24/05/2022,AT-17104,138844,RECARGA NAS BATERIAS,MACSOM,"R$ 40,00",NÃO HOUVE O.S. GEFROE,,
*****,*****,*****,24/05/2022,ASE-17101,150214,RECARGA NAS BATERIAS,MACSOM,"R$ 40,00",NÃO HOUVE O.S. GEFROE,,
*****,*****,*****,28/05/2022,AS-17101,274011,COMPRA DE 01 RELÊ DE PISCA,NOGUTI CAMINHÕES,"R$ 40,66",NÃO HOUVE O.S. GEFROE,,
*****,*****,*****,28/05/2022,AS-17101,274011,TROCA DO 01 RELÊ DE PISCA (OBS.: SOMENTE M.O.),MACSOM,"R$ 50,00",NÃO HOUVE O.S. GEFROE,,
*****,*****,*****,27/05/2022,ABS-17105,22906,"REVISÃO DAS 500 HORAS, COM TROCA DOS SEGUINTES ITENS: ÓLEO DO MOTOR, FILTRO DE ÓLEO DO MOTOR, FILTRO RACOR, FILTRO DE COMBUSTÍVEL. OBS.: HORÍMETRO ESTÁ DESATUALIZADO. PRÓXIMA REVISÃO COM 700 HS",DIBRACAM,R$ -,NÃO HOUVE O.S. GEFROE,,
*****,*****,*****,30/05/2022,VO-17103,24700,TROCA DA SEGUINTE PEÇA DA CENTRAL DE INJEÇÃO: CENTRAL ECM (OBS.: GARANTIA),DESTAQUE FIAT MOGI,R$ -,NÃO HOUVE O.S. GEFROE,,
*****,*****,*****,30/05/2022,CM-17102,36410,INSPEÇÃO E REGULAGEM DE FREIOS. (PRÓXIMA INSP. COM 39.000 KM),TIZIL,R$ -,NÃO HOUVE O.S. GEFROE,,
41.782,*****,*****,30/05/2022,AS-17101,274070,TROCA DOS 02 PNEUS DIANTEIROS,SHIMIZU,"R$ 1.970,00",NÃO HOUVE O.S. GEFROE,,
41.767,*****,*****,27/05/2022,MOB-17102,64823,TROCA DA CÂMARA DE AR DO PNEU TRASEIRO,TOTAL MOTOS,"R$ 110,00",NÃO HOUVE O.S. GEFROE,,
*****,*****,2647,*****,UR-17104,*****,BATERIA (95AH AC DELCO),*****,R$ -,CANCELADA NA NEO,,
*****,*****,2648,*****,AC-17002,*****,"1. Fornecer e substituir o semi eixo dianteiro lado direito;
 2. Fornecer e substituir o semi eixo dianteiro lado esquerdo;",*****,R$ -,CANCELADA NA NEO,,
41.800,*****,*****,01/06/2022,TP-17004,132720,TROCA DOS KIT DOS AMORTECEDORES DIANTEIRO; REGULAGEM DE FREIO; ALINHAMENTO DE DIREÇÃO,MULTI PNEUS,"R$ 512,00",NÃO HOUVE O.S. GEFROE,,
*****,*****,*****,02/06/2022,ABS-17102,148369,INSPEÇÃO DE FREIOS. (OBS.: PRÓXIMA INSPEÇÃO COM 151.000 KM),BAIANINHO,R$ -,NÃO HOUVE O.S. GEFROE,,
41.782,*****,*****,03/06/2022,AS-17101,274082,"ALINHAMENTO, BALANCEAMENTO E TROCA DE BICO",MV PNEUS,"R$ 310,00",NÃO HOUVE O.S. GEFROE,,
*****,*****,*****,03/06/2022,UT-17002,212964,TROCA DE VOLANTE,CSM/MOpB,R$ -,NÃO HOUVE O.S. GEFROE,,
41.986,*****,*****,20/05/2022,ASE-17101,150214,CONSERTO DA ALAVANCA DO CÂMBIO; TROCA DA BUCHA DA ALAVANCA DO CÂMBIO; INSPEÇÃO DE FREIO OBS.: PRÓXIMA INSPEÇÃO DE FREIO: 152.000 KM),TIZIL,"R$ 300,00",NÃO HOUVE O.S. GEFROE,,
*****,*****,*****,02/06/2022,AB-17102,71598,INSPEÇÃO DE FREIO (PRÓXIMA INSPEÇÃO: 73000 MILHAS),TIZIL,R$ -,NÃO HOUVE O.S. GEFROE,,
*****,*****,*****,03/06/2022,AS-17101,274082,"REPARO NA BARRA DE DIREÇÃO (TROCA DE: CANO INJETOR, ABRAÇADEIRAS, TERMINAL DE DIREÇÃO L.E., LÂMPADA DA SETA)",BF DIESEL,"R$ 485,00",NÃO HOUVE O.S. GEFROE,,
*****,*****,2651,29/06/2022,ABE-17101,110992,"1. Fornecer e substituir o óleo do motor;
 2. Fornecer e substituir o filtro de óleo do motor;
 3. Fornecer e substituir o filtro de combustível;
 4. Fornecer e substituir o filtro de ar do motor.",INJETRONIC,"R$ 4.266,67",FINALIZADA NA NEO,,
*****,*****,2652,11/07/2022,ABS-17203,?????,"1. Fornecer e substituir 02 (dois) pneus para caminhão, dianteiros, dimensões 275/80 R22,5, construção radial, aro 22,5, ic 152/148, cod. vel. “m”, novo (primeira vida), com certificação compulsória inmetro. Atendendo a norma ABNT NBR 15296/2005;
 2. Efetuar a montagem, balanceamento e calibragem de 06 (oito) pneus, conforme especificações do fabricante;
 3. Efetuar alinhamento de direção;
 4. Fornecer e substituir as palhetas dos limpadores do para-brisas.",APICE MOGI,"R$ 7.320,00",FINALIZADA NA NEO,,
40.666,*****,*****,17/05/2022,UT-17002,211664,"REFORMA DOS BANCOS (TROCA DE FAIXA DO ASSENTO, CONSERTO DE ESPUMAS, CAPA DE PROTEÇÃO DE PLÁSTICO TRANSPARENTE)",MALDONADO,"R$ 1.100,00",NÃO HOUVE O.S. GEFROE,,
40.668,*****,*****,01/06/2022,ABS-17103,127709,REFORMA DO BANCO DO MOTORISTA E PASSAGEIRO; REVISÃO DO BANCO DO MOTORISTA; JOGO DE CAPA DE PLÁSTICO TRANSPARENTE,MALDONADO,"R$ 950,00",NÃO HOUVE O.S. GEFROE,,
40.669,*****,*****,22/07/2022,AS-17101,273794,JOGO DE CAPA DE PROTEÇÃO DE PLÁSTICO TRANSPARENTE (BANCOS DIANTEIROS E TRASEIROS),MALDONADO,"R$ 1.100,00",NÃO HOUVE O.S. GEFROE,,
40.667,*****,*****,19/05/2022,VO-17001,77072,"REFORMA DO BANCO DO MOTORISTA, TROCA DE ESPUMA DO ASSENTO, REVISÃO DO BANCO DO PASSAGEIRO",MALDONADO,"R$ 680,00",NÃO HOUVE O.S. GEFROE,,
41.816,*****,*****,27/05/2022,MO-17001,146905,"CAPAS DE PROTEÇÃO DOS BANCOS TRASEIROS E DIANTEIROS, E CONSERTO DO BANCO DO MOTORISTA",MALDONADO,"R$ 1.350,00",NÃO HOUVE O.S. GEFROE,,
*****,*****,*****,06/06/2022,AS-17101,274205,INSPEÇÃO DE FREIOS (OBS.: PRÓX. INSP. COM 275.000 KM),BAIANINHO,R$ -,NÃO HOUVE O.S. GEFROE,,
*****,*****,*****,07/06/2022,ABS-17105,23323,TROCA DO HORÍMETRO (OBS.: PEÇA FORNECIDA PELA DIBRACAN - GARANTIA),MOTOMEC,R$ -,NÃO HOUVE O.S. GEFROE,,
41.827,*****,*****,08/06/2022,UT-17001,89560,"COMPRA DE: 05 LÂMPADAS H7, 01 PAR DE PALHETAS DIANTEIRA, 01 TINTA SPRAY PRETO FOSCO",NOGUTI,"R$ 276,00",NÃO HOUVE O.S. GEFROE,,
*****,*****,2663,14/07/2022,UR-17206,168414,"1. Fornecer e substituir o radiador de água do motor;
 2. Fornecer e substituir o kit de corrente de distribuição completo;
 3. Fornecer e substituir a correia do alternador;
 4. Fornecer e substituir o filtro de ar do motor;
 5. Fornecer e substituir o filtro de combustível;
 6. Fornecer e substituir o filtro de óleo do motor;
 7. Fornecer e substituir o óleo do motor conforme especificação do fabricante;
 8. Fornecer e substituir a água do sistema de arrefecimento, sendo agua desmineralizada e colocar o aditivo para o sistema;
 9. Recondicionar 04 (quatro) bicos injetores;
 10. Realizar o remapeamento do módulo;
 11. Recondicionar a turbina;
 12. Realizar limpeza do sistema de arrefecimento",COSMORAMA,"R$ 13.434,00",FINALIZADA NA NEO,,
*****,*****,2664,25/07/2022,TP-17001,281290,"1. Corrigir irregularidades e deformidades na funilaria, corrigir e alinhar suportes de fixação dos para-choques;
 2. Preparar superfície para pintura;
 3. Realizar pintura externa do veículo, conforme cor já existente;
 4. Realizar revitalização das partes plásticas e acessórios;
 5. Fornecer e substituir o volante da direção;
 6. Fornecer e substituir as palhetas dos limpadores do para-brisas;
 7. Fornecer e substituir jogo de calotas;
 8. Realizar lavagem completa do veículo e realizar higienização interna;
 9. Realizar substituição da tapeçaria das portas e puxadores, conforme modelo já existente;
 10. Restaurar os bancos (motorista, passageiro dianteiro e passageiro traseiro), conforme modelo já existente.",INJETRONIC,"R$ 9.262,67",FINALIZADA NA NEO,,
*****,*****,2665,30/06/2022,AC-17002,143770,"1. Fornecer e substituir o óleo do motor, conforme especificação da fabricante;
 2. Fornecer e substituir o filtro de óleo do motor;
 3. Fornecer e substituir o filtro de ar do motor;
 4. Fornecer e substituir o filtro de combustível;
 5. Fornecer e substituir o filtro de ar da cabine;
 6. Fornecer e substituir o filtro secador de combustível.",APICE MOGI,"R$ 1.130,00",FINALIZADA NA NEO,,
*****,*****,2668,15/06/2022,UR-17104,100308,"1. Fornecer e substituir bateria conforme especificação do fabricante;
 2. Fornecer e substituir as palhetas dos limpadores do para-brisas.",R 9 AUTO PECAS E SERVICOS,"R$ 1.500,00",FINALIZADA NA NEO,,
*****,*****,2669,23/06/2022,AC-17002,143600,"1. Fornecer e substituir o semi eixo dianteiro lado direito;
 2. Fornecer e substituir o semi eixo dianteiro lado esquerdo;
 3. Fornecer e substituir as palhetas do limpador do para-brisas.",BF DIESEL,"R$ 3.300,00",FINALIZADA NA NEO,,
*****,*****,*****,09/06/2022,MT-17004,63886,TROCA DE ÓLEO DO MOTOR OBS.: PRÓXIMA TROCA COM 65.000 KM),MOTOMEC,R$ -,NÃO HOUVE O.S. GEFROE,,
*****,*****,*****,09/06/2022,TP-17000,239510,REPARO EM PNEU (QSA CB PM ADRIANO),*****,R$ -,NÃO HOUVE O.S. GEFROE,,
*****,*****,*****,09/06/2022,MOTOMEC,*****,COMPRA DE: 70 CM TUBO NYLON 1/2 (PARA VO-17001); 01 BICO PULVERIZADOR COM CANECA 750 ML; 01 ESPIGÃO 5/16,UNIFLEX,"R$ 70,36",NÃO HOUVE O.S. GEFROE,,
41.829,*****,*****,24/05/2022,ABS-17102,147864,COMPRA DE: MANG. AR/ÁGUA; ESPIGÃO LATÃO; REGISTRO DE ESFERA EM LATÃO; COTOVELO 90 (FÊMEA); COTOVELO 90 (MACHO / FÊMEA); ABRAÇADEIRA MANGOTINHO; NIPLE REDUÇÃO,UNIFLEX,"R$ 308,78",NÃO HOUVE O.S. GEFROE,,
*****,*****,2674,22/06/2022,CA-17001,248659,"1. Fornecer e substituir o óleo do motor;
 2. Fornecer e substituir o elemento do filtro de combustível;
 3. Fornecer e substituir o filtro de ar do motor;
 4. Fornecer e substituir o filtro de óleo do motor;
 5. Realizar lavagem do chassi e lubrificar os pontos de graxa, com graxa apropriada.",BF DIESEL,"R$ 1.275,00",FINALIZADA NA NEO,,
*****,*****,2675,29/06/2022,UT-17002,213952,"1. Fornecer e substituir o óleo do motor;
 2. Fornecer e substituir o filtro de óleo do motor;
 3. Fornecer e substituir o elemento do filtro de combustível;
 4. Fornecer e substituir o filtro de ar do motor;
 5. Realizar lavagem completa, interna e externa, no veículo, inclusive lavagem de motor.",BF DIESEL,"R$ 925,00",FINALIZADA NA NEO,,
*****,*****,2677,28/06/2022,AS-17101,274904,"1. Realizar lavagem do chassi e motor;
 2. Realizar lubrificação dos pontos de graxa, fornecendo a graxa apropriada para o serviço;",MARVANS,"R$ 450,00",FINALIZADA NA NEO,,
*****,*****,2678,23/08/2022,AB-17102,73600,"1. Fornecer e substituir o óleo do motor conforme fabricante;
 2. Fornecer e substituir o filtro de óleo do motor;
 3. Fornecer e substituir o filtro de óleo hidráulico;
 4. Fornecer e substituir os filtros de combustível;
 5. Fornecer e substituir o filtro de ar do motor;
 6. Realizar lavagem do chassi;
 7. Realizar lubrificação de todos os pontos de graxa, fornecendo a graxa apropriada.",CURIÓ SERVIÇOS,"R$ 7.318,03",FINALIZADA NA NEO,,
*****,*****,2679,23/06/2022,AC-17002,143600,1. Fornecer e substituir os dois coxins do motor (LD e LE).,BF DIESEL,"R$ 720,00",FINALIZADA NA NEO,,
*****,*****,2680,10/08/2022,VO-17008,202859,"Fornecer e substituir a capota de lona marítima, com fechamento tipo ziplock, com auto regulagem da lona e sistema de lona destacável.",AUTO REPAIR 4X4,"R$ 1.140,00",FINALIZADA NA NEO,,
*****,*****,2681,23/06/2022,ASE-17101,150415,"1. Realizar lavagem e lubrificação do chassi, motor e implemento;
 2. Realizar lubrificação de todos os pontos de graxa, inclusive implemento, fornecendo a graxa apropriada;",APICE MOGI,"R$ 680,00",FINALIZADA NA NEO,,
41.842,*****,*****,13/06/2022,MO-17001,147288,REPARO EM PNEU,RE9 DIESEL,R$ -,NÃO HOUVE O.S. GEFROE,,
*****,*****,*****,09/06/2022,VO-17001,77324,TROCA DA MANGUEIRA DO FREIO,MOTOMEC,R$ -,NÃO HOUVE O.S. GEFROE,,
41.846,*****,*****,13/06/2022,MOB-17104,52849,REVISÃO ELÉTRICA (IGNIÇÃO E SINAIS SONOROS E LUMINOSOS); TROCA DE ÓLEO DO MOTOR; TROCA DO FILTRO DE ÓLEO DO MOTOR,RAVI MOTOS,"R$ 341,70",NÃO HOUVE O.S. GEFROE,,
41.841,*****,*****,13/06/2022,MT-17001,21274,VELA DE IGNIÇÃO,TOTAL MOTOS,"R$ 38,00",NÃO HOUVE O.S. GEFROE,,
41.845,*****,*****,13/06/2022,ASE-17101,150422,VAZAMENTO NO CILINDRO DA PATOLA LE (DESMONTAGEM E MONTAGEM DO CILINDRO HIDRÁULICO ESTABILIZADOR DA VIGA ESQUERDA DO MUNK; DESMONTAGEM E MONTAGEM DO CILINDRO EM BANCADA; CROMAÇÃO DA HASTE DO CILINDRO HIDRÁULICO; BRUNIMENTO E RETÍFICA DA CAMISA),EVR REPRESENTAÇÕES,"R$ 4.050,00",NÃO HOUVE O.S. GEFROE,,
41.847,*****,*****,13/06/2022,MOB-17101,60123,TROCA DO KIT RELAÇÃO (MARCA KMC),SUKA MOTOS,"R$ 757,00",NÃO HOUVE O.S. GEFROE,,
41.848,*****,*****,14/06/2022,AS-17101,274415,REPARO NO MOTOR DE PARTIDA (TROCA DO PORTA ESCOVA E BENDIX),MACSOM,"R$ 460,00",NÃO HOUVE O.S. GEFROE,,
018/100/22,*****,*****,13/06/2022,RE-17102,*****,FUNILARIA NA PARTE SUPERIOR DO TANQUE DE ÁGUA,ANTONINHO,"R$ 7.000,00",NÃO HOUVE O.S. GEFROE,,
41.853,*****,*****,15/06/2022,AC-17002,143109,REPARO NO ALTERNADOR (TROCA DO REGULADOR DE VOLTAGEM),MACSOM,"R$ 530,00",NÃO HOUVE O.S. GEFROE,,
*****,*****,2683,08/07/2022,ABS-17101,224733,"1. Fornecer e substituir os prisioneiros do coletor de escape e admissão;
 2. Fornecer e substituir o jogo de junta do coletor de escape e admissão;
 3. Sacar o prisioneiro quebrado dentro do coletor de escape e admissão.",BF DIESEL,"R$ 822,00",FINALIZADA NA NEO,,
41.881,*****,*****,21/06/2022,ASE-17101,150415,"REPARO NO MOTOR DE ARRANQUE (TROCA DE: AUTOMÁTICO, INDUZIDO E BOBINA)",MACSOM,"R$ 1.550,00",NÃO HOUVE O.S. GEFROE,,
*****,*****,2685,19/07/2022,AC-17002,144492,04 PNEUS 265/70R16 (GOODYEAR); 04 BICOS PARA PNEU; ALINHAMENTO; BALANCEAMENTO,APICE MOGI,"R$ 5.621,00",FINALIZADA NA NEO,,
*****,*****,*****,25/06/2022,ABS-17105,24225,INSTALAÇÃO DA PROTEÇÃO DE ACRÍLICO NO PAINEL DE CONTROLE E OPERAÇÃO DA BOMBA DE INCÊNDIO (OBS.: PEÇA FORNECIDA PELA EMPRESA MITREN - RESPONSÁVEL PELA GARANTIA),PB GUARAREMA,R$ -,NÃO HOUVE O.S. GEFROE,,
41.914,*****,*****,27/06/2022,AC-17002,143704,TROCA DA MOLA LD TRASEIRO; TROCA DAS BUCHAS DAS MOLAS LADO DIREITO E ESQUERDO,MOLAMEC,"R$ 993,90",NÃO HOUVE O.S. GEFROE,requisição,
41.921,*****,*****,30/06/2022,VO-17008,202015,COMPRA DO SENSOR DE ROTAÇÃO,NOGUTI CAMINHÕES,"R$ 223,28",NÃO HOUVE O.S. GEFROE,,
41.921,*****,*****,30/06/2022,VO-17008,202015,INSTALAÇÃO DO SENSOR DE ROTAÇÃO,MACSOM,"R$ 120,00",NÃO HOUVE O.S. GEFROE,requisição,
41.919,*****,*****,30/06/2022,CM-17102,36740,COMPRA DE TOMADA DE FORÇA E MAÇANETA DA PORTA,NOGUTI CAMINHÕES,"R$ 175,91",NÃO HOUVE O.S. GEFROE,,
41.919,*****,*****,30/06/2022,CM-17102,36740,INSTALAÇÃO / LIGAÇÃO DA TOMADA DE FORÇA,MACSOM,"R$ 80,00",NÃO HOUVE O.S. GEFROE,,
41.898,*****,*****,30/06/2022,ASE-17101,150415,REPARO ELÉTRICO EM RAY LIGHT (TROCA DO INVERSOR DE VOLTAGEM); TROCA DE 02 LÂMPADAS,MACSOM,"R$ 521,00",NÃO HOUVE O.S. GEFROE,requisição,
41.928,*****,*****,30/06/2022,UT-17002,213952,TROCA DE PASTILHA DE FREIO DIANTEIRA.,BF DIESEL,"R$ 240,00",NÃO HOUVE O.S. GEFROE,requisição,
41.932,*****,*****,24/06/2022,AC-17002,143600,TROCA DAS PASTILHAS DE FREIO (OBS.: PRÓXIMA INSP. COM 146.000 KM),BF DIESEL,"R$ 265,00",NÃO HOUVE O.S. GEFROE,,
41.939,*****,*****,04/07/2022,MOB-17102,65652,"TROCA DOS RETENTORES DO GARFO; TROCA DE 01 CILINDRO INTERNO DO GARFO; TROCA DE 1,2 LITROS DE ÓLEO DE SUSPENSÃO.",RAVI MOTOS,"R$ 1.762,00",NÃO HOUVE O.S. GEFROE,,
41.918,*****,*****,06/07/2022,MOB-17104,52849,TROCA DE ÓLEO DO MOTOR (10W30); TROCA DO FILTRO DE ÓLEO DO MOTOR; TROCA DA BENGALA; RETENTOR E ÓLEO DA BENGALA; LIMPEZA DO CORPO DE INJEÇÃO; TROCA DAS PASTILHAS DO FREIO DIANTEIRO; TROCA DO PAR DE RETROVISOR; REVISÃO ELÉTRICA (CHICOTE DA ANTENA).,RAVI MOTOS,"R$ 1.438,90",NÃO HOUVE O.S. GEFROE,,
41.985,*****,*****,08/07/2022,ABS-17101,224733,TROCA DO FLEXIVEL LUBRIFICAÇÃO TURBINA,BF DIESEL,"R$ 265,00",NÃO HOUVE O.S. GEFROE,,
*****,*****,2697,27/07/2022,CM-17102,37475,"1. Fornecer e substituir o óleo do motor, conforme especificação do fabricante;
 2. Fornecer e substituir o filtro de óleo do motor;
 3. Fornecer e substituir o filtro de óleo combustível;
 4. Fornecer e substituir o elemento do filtro secador de combustível;
 5. Fornecer e substituir o filtro de ar do motor;
 6. Realizar lavagem de chassi;
 7. Realizar lubrificação de todos os pontos de graxa, com graxa apropriada.",INJETRONIC,"R$ 2.099,99",FINALIZADA NA NEO,,
*****,*****,2698,12/08/2022,ABS-17103,128500,"1. Fornecer e substituir o óleo do motor, conforme especificação do fabricante;
 2. Fornecer e substituir o filtro de óleo do motor;
 3. Fornecer e substituir o filtro de óleo combustível;
 4. Fornecer e substituir o elemento do filtro secador de combustível;
 5. Fornecer e substituir o filtro de ar do motor;
 6. Realizar lavagem de chassi;
 7. Realizar lubrificação de todos os pontos de graxa, com graxa apropriada.",BF DIESEL,"R$ 2.400,00",FINALIZADA NA NEO,,
*****,*****,2699,21/07/2022,TP-17000 (ANTIGA TP-17004),138353,2. Fornecer e substituir o filtro de óleo do motor;,R 9 AUTO PECAS E SERVICOS,"R$ 791,00",FINALIZADA NA NEO,,
41.724,*****,2702,10/08/2022,ABS-17102,151127,3. Fornecer e substituir o filtro de óleo combustível;,BF DIESEL,"R$ 980,00",FINALIZADA NA NEO,,
*****,*****,2703,10/08/2022,ABS-17102,151127,4. Fornecer e substituir o elemento do filtro secador de combustível;,BF DIESEL,"R$ 1.385,00",FINALIZADA NA NEO,,
41.953,*****,*****,07/07/2022,VO-17008,202157,5. Fornecer e substituir o filtro de ar do motor;,MOLAMEC,"R$ 977,17",NÃO HOUVE O.S. GEFROE,,
*****,*****,*****,11/07/2022,RE-17102,*****,6. Realizar lavagem de chassi;,RE9 DIESEL,"R$ 35,00",NÃO HOUVE O.S. GEFROE,,
*****,*****,*****,13/07/2022,*****,*****,"7. Realizar lubrificação de todos os pontos de graxa, com graxa apropriada.",NOGUTI,"R$ 90,48",NÃO HOUVE O.S. GEFROE,,
41.999,*****,*****,19/07/2022,AS-17101,275680,TROCA DO PIVÔ INFERIOR E SUPERIOR DA SUSPENSÃO. INSPEÇÃO E REGULAGEM DE FREIOS (OBS.: PRÓXIMA INSPEÇÃO COM 277.000 KM),BF DIESEL,"R$ 1.180,00",NÃO HOUVE O.S. GEFROE,,
41.943,*****,*****,14/07/2022,MOB-17105,43640,TROCA DO PNEU TRASEIRO; TROCA DO OLEO E RETENTOR DA BENGALA; TROCA DO PARALAMA DIANTEIRO; TROCA DA LAMPADA DA LANTERNA TRASEIRA,RAVI MOTOS,"R$ 897,00",NÃO HOUVE O.S. GEFROE,,
41.987,*****,*****,15/07/2022,VO-17008,202007,TROCA DE BATERIA (HELIAR 60AH - Nº SÉRIE: 43210324688),REI DAS BATERIAS,"R$ 450,00",NÃO HOUVE O.S. GEFROE,,
41.987,*****,*****,18/07/2022,VO-17008,202007,REPARO NO ATERRAMENTO ELÉTRICO DO MOTOR,MACSOM,,NÃO HOUVE O.S. GEFROE,,
41.987,*****,*****,18/07/2022,VO-17008,202007,DIAGNÓSTICO QUANTO A FALHA DO MOTOR; TROCA DO SENSOR DE ROTAÇÃO,BF DIESEL,"R$ 760,00",NÃO HOUVE O.S. GEFROE,,SERVIÇO EXECUTADO POR GUARAREMA
42.011,*****,*****,14/07/2022,VO-17003,249323,REVISÃO ELÉTRICA GERAL (TROCA DOS RELÊS AUX.; TROCA DA LÂMP. TORPEDO GD.; TROCA DE TERMINAL; TROCA DO INTERRUPTOR DE FREIO; TROCA DO SENSOR DE VELOCIDADE; CARGA DE GÁS DO AR COND.; TROCA DAS LÂMPADAS DO BREAK LIGHT; REPARO NO CHICOTE DO VENTILADOR INTERNO; REPARO NO CORPO DE BORBOLETA; SERVIÇO DE SCANNER),NICOLAU,"R$ 1.168,99",NÃO HOUVE O.S. GEFROE,,
*****,*****,2712,08/08/2022,UR-17104,100425,"1. Fornecer e substituir o kit de corrente superior do motor;
 2. Fornecer e substituir o balancim de admissão com tuchos;
 3. Fornecer e substituir o comando de válvula de admissão;
 4. Realizar lavagem completa do veículo, e lubrificar os pontos de graxa.",BF DIESEL,"R$ 5.255,00",FINALIZADA NA NEO,,
41.933,*****,2713,19/10/2022,AB-17102,73546,"1. Reparar a barra longa da direção;
 2. Reparar a barra curta da direção;
 3. Reparar a manga de eixo lado direito e esquerdo;
 4. Fornecer e substituir 02 (dois) pinos da mola dianteira;
 5. Realizar alinhamento da direção;
 6. Realizar lavagem de chassi e lubrificação de todos os pontos de graxa, fornecendo a graxa apropriada;
 7. Reparar o sistema de escorva.",CURIÓ SERVIÇOS,"R$ 10.064,16",FINALIZADA NA NEO,,
*****,*****,2714,*****,AB-17102,*****,"1. Fornecer e substituir 02(dois) pneus de medidas 315/80R22.5 Tração (Borrachudo) 18 Lonas 156/150M Construção Radial;
 2. Fornecer e substituir 02 (dois) 315/80R22.5 Direcional (Liso) 154/150M Construção Radial;
 3. Fornecer e substituir 06 (seis) bicos;
 4. Realizar o balanceamento dos pneus.",*****,R$ -,CANCELADA NA NEO,,
42.010,*****,*****,20/07/2022,TP-17000 (ANTIGA TP-17004),138353,ADESIVAGEM (ALTERAÇÃO DE PREFIXO),BLACK FILMS,"R$ 60,00",NÃO HOUVE O.S. GEFROE,,
42.009,*****,*****,20/07/2022,TP-17004 (ANTIGA TP-17000),245579,ADESIVAGEM (ALTERAÇÃO DE PREFIXO),BLACK FILMS,"R$ 60,00",NÃO HOUVE O.S. GEFROE,,
42.010,*****,*****,29/07/2022,VO-17104,8461,ADESIVAGEM (ALTERAÇÃO DE PREFIXO),BLACK FILMS,"R$ 60,00",NÃO HOUVE O.S. GEFROE,,
42.009,*****,*****,21/07/2022,TP-17004 (ANTIGA TP-17000),245579,REPARO NO VOLANTE DA DIREÇÃO (TROCA DO COURO),BLACK FILMS,"R$ 180,00",NÃO HOUVE O.S. GEFROE,,
42.008,*****,*****,22/07/2022,CA-17001,248697,TROCA DO CILINDRO DA EMBREAGEM (GARANTIA),BF DIESEL,R$ -,NÃO HOUVE O.S. GEFROE,,
41.875,*****,*****,22/07/2022,UR-17105,6488,MANUTENÇÃO NO RÁDIO DE COMUNICAÇÃO (OBS.: ACIONADA A GARANTIA. MANUTENÇÃO SERÁ REALIZADA NO PB GMA),REV BRASIL,R$ -,NÃO HOUVE O.S. GEFROE,,
41.999,*****,*****,25/07/2022,AS-17101,275692,ALINHAMENTO DE DIREÇÃO,MV PNEUS,"R$ 250,00",NÃO HOUVE O.S. GEFROE,,
*****,*****,*****,25/07/2022,TP-17000 (ANTIGA TP-17004),139115,RECONFIGURAÇÃO DO RÁDIO DE COMUNIÇÃO DEVIDO A ALTERAÇÃO DE PREFIXO,CSM/MOpB,R$ -,NÃO HOUVE O.S. GEFROE,,
*****,*****,*****,25/07/2022,TP-17004 (ANTIGA TP-17000),245913,RECONFIGURAÇÃO DO RÁDIO DE COMUNIÇÃO DEVIDO A ALTERAÇÃO DE PREFIXO,CSM/MOpB,R$ -,NÃO HOUVE O.S. GEFROE,,
41.918,*****,*****,24/07/2022,MOB-17104,52849,MANUTENÇÃO NO SISTEMA DOS SINAIS SONOROS E LUMINOSOS,LUIZ (ENGESIG),"R$ 90,00",NÃO HOUVE O.S. GEFROE,,
41.971,*****,*****,25/07/2022,ASE-17101,150626,TROCA DA ABRAÇADEIRA DA MANGUEIRA DO RADIADOR,MOTOMEC,R$ -,NÃO HOUVE O.S. GEFROE,,
42.003,*****,*****,20/07/2022,ASE-17101,150626,COMPLETADO O ÓLEO DA EMBREAGEM,MOTOMEC,R$ -,NÃO HOUVE O.S. GEFROE,,
42.038,*****,*****,27/07/2022,AB-17102,73157,COMPRA DE CONEXÕES: COTOVELO 1/2 x MACHO 1/2; COTOVELO 1/4 x MACHO 1/4; COTOVELO 3/8 x MACHO 1/2; CONECTOR 3/4 x MACHO 3/4; COTOVELO INOX 90 M/F 3/4; BUCHA DE REDUÇÃO 3/4 x FEMEA 1/2.,UNIFLEX,"R$ 240,88",NÃO HOUVE O.S. GEFROE,,
42.038,*****,*****,27/07/2022,AB-17102,73157,VAZAMENTO NA CONEXÃO DO CORPO DA BOMBA DE INCÊNDIO (TROCADO :COTOVELO 1/2 x MACHO 1/2; COTOVELO 1/4 x MACHO 1/4; COTOVELO 3/8 x MACHO 1/2; CONECTOR 3/4 x MACHO 3/4; COTOVELO INOX 90 M/F 3/4; BUCHA DE REDUÇÃO 3/4 x FEMEA 1/2).,MOTOMEC,R$ -,NÃO HOUVE O.S. GEFROE,,
*****,*****,2722,05/08/2022,UR-17206,168414,"1. Fornecer e substituir a tampa frontal da corrente;
 2. Fornecer e substituir o retentor da tampa da corrente;
 3. Fornecer e substituir a polia do virabrequim;
 4. Fornecer e substituir 02 (dois) retentores laterais do câmbio;
 5. Fornecer e substituir a suporte do semi eixo lado direito;
 6. Fornecer e substituir o óleo do câmbio, conforme especificação do fabricante;
 7. Fornecer e substituir o coxim inferior do câmbio.",COSMORAMA,"R$ 9.751,00",FINALIZADA NA NEO,,
42.061,*****,*****,28/07/2022,MOB-17102,66399,TROCA DO ÓLEO DO MOTOR E DO FILTRO DE ÓLEO DO MOTOR (OBS.: FILTRO E ÓLEO FORNECIDO PELA MOTOMEC - APENAS M.O. PARA TROCA),TOTAL MOTOS,,NÃO HOUVE O.S. GEFROE,,
42.052,*****,*****,29/07/2022,AC-17002,145161,COMPRA DE 01 PORCA DE RODA,NOGUTI CAMINHÕES,"R$ 24,54",NÃO HOUVE O.S. GEFROE,,
42.052,*****,*****,29/07/2022,AC-17002,145161,TROCA DA 01 PORCA DE RODA,MOTOMEC,R$ -,NÃO HOUVE O.S. GEFROE,,
42.058,*****,*****,01/08/2022,AS-17101,275791,TROCA DE 01 CÂMARA DE AR,RE9 DIESEL,"R$ 130,00",NÃO HOUVE O.S. GEFROE,,
42.051,*****,*****,29/07/2022,RE-17102,*****,COMPRA DE 01 RESERVATÓRIO DE ÁGUA (MOTOR ESTACIONÁRIO),MOGI VANS,"R$ 85,00",NÃO HOUVE O.S. GEFROE,,
42.051,*****,*****,29/07/2022,RE-17102,*****,TROCA DO RESERVATÓRIO DE ÁGUA DO MOTOR ESTACIONÁRIO,MOTOMEC,R$ -,NÃO HOUVE O.S. GEFROE,,
41.755,*****,*****,29/07/2022,ABE-17101,110994,COMPRA DE 03 CORREIAS (AVX 13x1300),NOGUTI CAMINHÕES,"R$ 120,45",NÃO HOUVE O.S. GEFROE,,
41.755,*****,*****,29/07/2022,ABE-17101,110994,TROCA DE 03 CORREIAS (AVX 13x1300),MOTOMEC,R$ -,NÃO HOUVE O.S. GEFROE,,
42.054,*****,*****,01/08/2022,ABS-17102,150939,TROCA DOS PNEUS DIANTEIROS,RE9 DIESEL,,NÃO HOUVE O.S. GEFROE,,
41.755,*****,*****,29/07/2022,ABE-17101,110994,COMPRA DE: 02 MANGUEIRAS (7869mm); 04 ABRAÇADEIRAS FITA 14mm,UNIFLEX,"R$ 62,40",NÃO HOUVE O.S. GEFROE,,
42.026,*****,*****,29/07/2022,ABS-17102,150710,TROCA DO VIDRO DA PORTA DIREITA,VIDROSHIMA,"R$ 150,00",NÃO HOUVE O.S. GEFROE,,
41.933,*****,*****,01/08/2022,AB-17102,73329,TROCA DOS 04 PNEUS TRASEIROS (OBS.: PNEUS FORNECIDOS PELO CSM),RE9 DIESEL,,NÃO HOUVE O.S. GEFROE,,
42.068,*****,*****,02/08/2022,AS-17101,276077,COMPRA DO TUBO INJETOR DO 1º BICO,NOGUTI CAMINHÕES,"R$ 83,87",NÃO HOUVE O.S. GEFROE,,
42.068,*****,*****,02/08/2022,AS-17101,276077,TROCA DO TUBO INJETOR DO 1º BICO,MOTOMEC,R$ -,NÃO HOUVE O.S. GEFROE,,
42.026,*****,*****,01/08/2022,ABS-17102,150969,COMPRA DE: 01 FECHADURA DA PORTA; 02 LENTES LANTERNA TRASEIRA,NOGUTI CAMINHÕES,"R$ 319,92",NÃO HOUVE O.S. GEFROE,,
42.084,*****,*****,01/08/2022,AB-17102,73329,MANUTENÇÃO DE ALINHAMENTO NO SUPORTE DA ESCADA TRASEIRA,ANTONINHO,"R$ 250,00",NÃO HOUVE O.S. GEFROE,,
42.026,*****,*****,01/08/2022,ABS-17102,150969,TORNEARIA NA DOBRADIÇA DA PORTA LD; MONTAGEM E ALINHAMENTO DA PORTA,ANTONINHO,"R$ 600,00",NÃO HOUVE O.S. GEFROE,,
42.070,*****,*****,02/08/2022,CA-17001,248800,TROCA DAS 02 LENTES DAS LANTERNAS TRASEIRAS,MOTOMEC,R$ -,NÃO HOUVE O.S. GEFROE,,
42.044,*****,2726,*****,ABS-17103,*****,"1. Fornecer e substituir 04 (quatro) pneus para caminhão, traseiros, de tração (borrachudo), dimensões 275/80 R22,5, construção radial, aro 22,5, ic 152/148, cod. vel. “m”, novo (primeira vida), com certificação compulsória inmetro. Atendendo a norma ABNT NBR 15296/2005;
 2. Efetuar a montagem e calibragem de 06 (seis) pneus;
 3. Efetuar o balanceamento 02 (dois) pneus;
 4. Efetuar alinhamento de direção;",*****,R$ -,CANCELADA NA NEO,,
*****,*****,2727,19/08/2022,ABS-17202,83735,"1. Fornecer e substituir o óleo do motor, conforme especificação do fabricante;
 2. Fornecer e substituir o filtro de óleo do motor;
 3. Fornecer e substituir o filtro de óleo combustível;
 4. Fornecer e substituir o elemento do filtro secador de combustível;
 5. Fornecer e substituir o filtro de ar do motor;
 6. Realizar lavagem inferior do chassi;
 7. Realizar lubrificação de todos os pontos de graxa, com graxa apropriada.",BF DIESEL,"R$ 1.610,00",FINALIZADA NA NEO,,
42.069,*****,2728,29/08/2022,ABS-17102,151126,"1. Fornecer e substituir 02 (dois) amortecedores dianteiros;
 2. Fornecer e substituir 01 (uma) barra curta de direção;
 3. Fornecer e substituir 02 (dois) terminais da barra longa;
 4. Fornecer e substituir 02 (duas) bieletas; 
 5. Reparar a 01 (uma) manga de eixo; 
 6. Realizar o alinhamento de direção (OBS.: SERVIÇO TERCEIRIZADO PELA BF DIESEL: ALINHAMENTO REALIZADO PELA BUDINI - APOLOTECH);
 7. Realizar balanceamento de dois pneus.",BF DIESEL,"R$ 5.315,00",FINALIZADA NA NEO,,
42.044,*****,2729,*****,ABS-17103,*****,"1. Fornecer e substituir o para-choque dianteiro, na cor preta, conforme modelo já existente.",*****,R$ -,CANCELADA NA NEO,,
42.072,*****,2731,*****,UT-17002,*****,"1. Fornecer e substituir 04 (quatro) discos de freio dianteiros e traseiros;
 2. Fornecer e substituir o conjunto de pastilhas de freio dianteiro e traseiro;
 3. Fornecer e substituir a sapata do freio de mão;
 4. Realizar limpeza do sistema de frenagem, fornecendo e substituindo o fluído de freio;
 5. Fornecer e substituir os flexíveis do freio dianteiro e traseiro.",*****,R$ -,CANCELADA NA NEO,,
*****,*****,2732,05/09/2022,AB-17201,,"1. Fornecer e substituir óleo de motor, conforme especificações do fabricante;
 2. Fornecer e substituir o filtro do óleo do motor;
 3. Fornecer e substituir o filtro de ar;
 4. Fornecer e substituir o filtro de combustível;
 5. Realizar lavagem e lubrificação do chassi;
 6. Realizar engraxamento de todos os pontos de graxa, fornecendo a graxa apropriada;
 7. Fornecer e substituir o filtro secador de combustível.",BF DIESEL,"R$ 1.745,00",FINALIZADA NA NEO,,
42.051,*****,*****,03/08/2022,*****,*****,COMPRA DE: 01 SENSOR FCK03S; 01 FILTRO LUBRIF.; ÓLEO 15W40 TEXACO URSA PREMIUM; 01 FILTRO DE AR TUBULAR PRIMÁRIO; 01 GALÃO DE 20L DE ÓLEO 15W40 LUCHETI DEITON ORION,SHIMIZU,"R$ 771,40",NÃO HOUVE O.S. GEFROE,,
41.954,*****,*****,09/07/2022,MOB-17102,65819,TROCA DA CÂMARA DE AR DO PNEU TRASEIRO,TOTAL MOTOS,"R$ 90,00",NÃO HOUVE O.S. GEFROE,,
42.081,*****,*****,11/07/2022,UR-17104,100308,COMPRA DE 01 FUSÍVEL MEGA 150A,LEAL AUTO PEÇAS ELÉTRICAS,"R$ 16,00",NÃO HOUVE O.S. GEFROE,,
42.081,*****,*****,11/07/2022,UR-17104,100308,TROCA DE 01 FUSÍVEL MEGA 150A,MOTOMEC,R$ -,NÃO HOUVE O.S. GEFROE,,
41.765,*****,*****,03/08/2022,VO-17001,77652,TROCA DO RELÊ DE SETA,MACSOM,"R$ 50,00",NÃO HOUVE O.S. GEFROE,,
42.089,*****,*****,04/08/2022,VO-17001,77652,TROCA DE ÓLEO DO MOTOR (15W40 YPF); TROCA DO FILTRO DE ÓLEO (TOYOTA) DO MOTOR; TROCA DO FILTRO DE COMBUSTÍVEL (MBB 352 BOSH 1/2 LT),BF DIESEL,"R$ 425,00",NÃO HOUVE O.S. GEFROE,,
42.090,*****,*****,04/08/2022,UT-17002,215240,COMPRA DO GUIA DA PORTA CENTRAL,NOGUTI CAMINHÕES,"R$ 135,48",NÃO HOUVE O.S. GEFROE,,
42.091,*****,*****,04/08/2022,ABE-17101,111023,"REPARO NO SISTEMA DE FREIO: TROCA DAS LONAS DE FREIO, TAMBRO DE FREIO E PRISIONEIROS DE RODA (PRÓXIMA INSPEÇÃO: 112900 MILHAS)",RE9 DIESEL,"R$ 500,00",NÃO HOUVE O.S. GEFROE,,
42.083,*****,*****,03/08/2022,AB-17102,73372,Retirada do cardan do sistema CAFS,MOTOMEC,R$ -,NÃO HOUVE O.S. GEFROE,,
*****,*****,2736,25/08/2022,UR-17208,93153,"1. Fornecer e substituir 04 (quatro) pneus de medida 225/65R16 112T, novo (primeira vida), com certificação compulsória inmetro. Atendendo a norma ABNT NBR 15296/2005;
 2. Realizar alinhamento direção;
 3. Realizar o balanceamento de 04 (quatro) pneus.",ALBUQUERQUE PNEUS,"R$ 5.556,00",FINALIZADA NA NEO,,
42.102,*****,*****,08/08/2022,UT-17002,215328,COMPRA DAS BORRACHAS DAS PORTAS DIANTEIRAS,NOGUTI CAMINHÕES,"R$ 258,78",NÃO HOUVE O.S. GEFROE,,
42.102,*****,*****,09/08/2022,UT-17002,215328,TROCA DAS BORRACHAS DAS PORTAS DIANTEIRAS,MOTOMEC,R$ -,NÃO HOUVE O.S. GEFROE,,
*****,*****,2739,*****,AS-17101,*****,"1. Fornecer e substituir 04 (quatro) pneus de medida 7.50R16 122/118G, de tração (borrachudo), novo (primeira vida), com certificação compulsória inmetro. Atendendo a norma ABNT NBR 15296/2005;
 2. Realizar o balanceamento de 04 (quatro) pneus.
 3. Fornecer e substituir 04 (quatro) bicos dos pneus substituídos.",*****,R$ -,CANCELADA NA NEO,,
*****,*****,*****,09/08/2022,CM-17102,38073,REAPERTO NO FILTRO DE ÓLEO DOMOTOR,TIZIL,R$ -,NÃO HOUVE O.S. GEFROE,,
*****,*****,*****,09/08/2022,RE-17102,*****,ENCAIXE DA MANGUEIRA DE AR DO SISTEMA DE FREIO,TIZIL,R$ -,NÃO HOUVE O.S. GEFROE,,
42.072,*****,2742,23/08/2022,UT-17002,215328,"1. Fornecer e substituir 04 (quatro) discos de freio dianteiros e traseiros;
 2. Fornecer e substituir o conjunto de pastilhas de freio dianteiro e traseiro;
 3. Fornecer e substituir a sapata do freio de mão;
 4. Realizar limpeza do sistema de frenagem, fornecendo e substituindo o fluído de freio;
 5. Fornecer e substituir os flexíveis do freio dianteiro e traseiro.",BF DIESEL,"R$ 2.849,00",FINALIZADA NA NEO,,
42.044,*****,*****,05/08/2022,ABS-17103,128193,PARACHOQUE DIANTEIRO; PINTURA DO PARACHOQUE DIANTEIRO; LANTERNA PARACHOQUE LE,BF DIESEL,"R$ 3.795,00",NÃO HOUVE O.S. GEFROE,,
*****,*****,*****,15/08/2022,TP-17004,247217,REPARO NO PNEU TRAS. D (FURADO),RE9 DIESEL,R$ -,NÃO HOUVE O.S. GEFROE,,
*****,*****,*****,11/08/2022,VO-17103,29908,"REVISÃO DOS 30.000 KM => TROCA DE: PASTILHAS DE FREIO DIANTEIRO (OBS.: SERVIÇO NÃO INCLUSO NA REVISÃO E COBRADO A PARTE), ÓLEO, FILTRO DE ÓLEO, FILTRO DE AR DO MOTOR. OBS.: PRÓXIMA REVISÃO AOS 40.000 KM OU 11/08/2023 (O QUE OCORRER PRIMEIRO).",DESTAQUE FIAT MOGI,"R$ 474,75",NÃO HOUVE O.S. GEFROE,,
41.933,*****,*****,15/08/2022,AB-17102,73700,REVISÃO NOS SENSORES DOS BANCOS; REPARO NO CHICOTE DOS BANCOS; LIMPEZA E LUBRIFICAÇÃO DA TORRE DE ILUMINAÇÃO.,CSM/MOpB,R$ -,NÃO HOUVE O.S. GEFROE,,
41.904,*****,*****,12/08/2022,MO-17001,148511,MANUTENÇÃO DA BOMBA DE ALTA (RECONFIGURAÇÃO DO SENSOR DO CATALIZADOR),BF DIESEL,"R$ 2.500,00",NÃO HOUVE O.S. GEFROE,,
42.064,*****,*****,16/08/2022,ASE-17101,150963,"MANUTENÇÃO ELÉTRICA (LUZA DA MARCHA A RÉ, CAMPAINHA DAMARCHA A RÉ)",MACSOM,"R$ 215,00",NÃO HOUVE O.S. GEFROE,,
42.135,*****,*****,19/08/2022,AC-17002,146500,INSPEÇÃODE FREIO (RETIRADA DE AR DO SISTEMA E COMPLETADO O FLUIDO). OBS.: PRÓXIMA INSPEÇÃOCOM 149.000 KM),BF DIESEL,R$ -,NÃO HOUVE O.S. GEFROE,,
41.999,*****,*****,19/08/2022,*****,*****,COMPRA DE: 2 pares de palhetas do limpador de parabrisas,NOGUTI CAMINHÕES,"R$ 147,82",NÃO HOUVE O.S. GEFROE,,
42.107,*****,*****,22/08/2022,ABE-17101,111217,COMPRA DE MANGUEIRA E CONEXÕES PARA TROCA DO FLEXÍVEL DO ESGUICHO DA ESCADA,UNIFLEX,"R$ 93,97",NÃO HOUVE O.S. GEFROE,,
42.107,*****,*****,22/08/2022,ABE-17101,111217,TROCA DO FLEXÍVEL DO ESGUICHO DA ESCADA,MOTOMEC,R$ -,NÃO HOUVE O.S. GEFROE,,
41.999,*****,*****,19/08/2022,AS-17101,276850,TROCA DAS PALHETAS DO LIMPADOR DO PARABRISAS,MOTOMEC,R$ -,NÃO HOUVE O.S. GEFROE,,
*****,*****,*****,19/08/2022,ABE-17101,111199,TROCA DAS PALHETAS DO LIMPADOR DO PARABRISAS,MOTOMEC,R$ -,NÃO HOUVE O.S. GEFROE,,
42.153,*****,*****,24/08/2022,AC-17002,146730,REPARO NO ALTERNADOR (FIAÇÃO EM CURTO),MACSOM,"R$ 200,00",NÃO HOUVE O.S. GEFROE,,
43.200,*****,*****,27/08/2022,TP-17000,143721,RÁDIO INTERCOMUNICADOR (MUDANÇA DE LOCAL: RETIRADO DA PARTE SUPERIOR DO PAINEL E INSTALADO NO INTERIOR DO PORTA LUVAS),LUIZ (ENGESIG),"R$ 150,00",NÃO HOUVE O.S. GEFROE,,
43.199,*****,*****,27/08/2022,VO-17103,31309,PAINEL DE CONTROLE DOS SINAIS SONOROS E LUMINOSOS (MUDANÇA DE LOCAL: RETIRADO DA PARTE SUPERIOR DO PAINEL E INSTALADO NO CONSOLE),LUIZ (ENGESIG),"R$ 150,00",NÃO HOUVE O.S. GEFROE,,
43.202,*****,*****,26/08/2022,TP-17004,247466,TROCA DO CONJUNTO DE VÁLVULAS INJETORAS; TROCA DO JOGO DE VELAS; LIMPEZA E PROGRAMAÇÃO DO CORPO DE BORBOLETAS; REGULAGEM DE VÁLVULAS; REPROGRAMAÇÃO DO SISTEMA DE INJEÇÃO,MECÂNICA MARCOS,"R$ 1.800,00",NÃO HOUVE O.S. GEFROE,,
41.755,*****,*****,08/08/2022,ABE-17101,110994,DESMONTAGEM E MONTAGEM COMPLETA DO RADIADOR (OBS.: PEÇAS FORNECIDAS PELO CSM),EVR REPRESENTAÇÕES,"R$ 4.100,00",NÃO HOUVE O.S. GEFROE,,
*****,*****,*****,31/08/2022,VO-17104,9753,REVISÃO DOS 10.000 KM => TROCA DE ÓLEO E FILTRO DE ÓLEO,DESTAQUE FIAT MOGI,R$ -,NÃO HOUVE O.S. GEFROE,,
43.143,*****,*****,31/08/2022,ABS-17103,129140,RECONDICIONAMENTO DO RADIADOR,RCM RADIADORES,"R$ 700,00",NÃO HOUVE O.S. GEFROE,,
*****,*****,2759,05/10/2022,TP-17004,248367,TROCA DE 02 PNEUS (195/65R15); ALINHAMENTO 3D; BALANCEAMENTO; TROCA DE 02 BICOS VALVULA PNEU SEM CAMARA,DOM AUTO CENTER,"R$ 1.260,00",FINALIZADA NA NEO,,
43160,*****,*****,02/09/2022,ABE-17101,111500,TROCA DE MOLA TRASEIRA,MOLAMEC,"R$ 1.160,65",NÃO HOUVE O.S. GEFROE,,
43170,*****,*****,02/09/2022,UT-17001,92992,TROCA DE BOMBA DE ÁGUA; TROCA DA BOMBA DE ÓLEO; ALINHAMENTO DE DIREÇÃO,DU PAIVA,"R$ 1.140,00",NÃO HOUVE O.S. GEFROE,,
*****,*****,*****,31/08/2022,AS-17101,277450,INSPEÇÃO DE FREIOS (PRÓXIMA INSPEÇÃO COM 280.000 KM),BF DIESEL,R$ -,NÃO HOUVE O.S. GEFROE,,
43.201,*****,*****,03/09/2022,TP-17004,247474,RÁDIO INTERCOMUNICADOR (MUDANÇA DE LOCAL: RETIRADO DA PARTE SUPERIOR DO PAINEL E INSTALADO NO INTERIOR DO PORTA LUVAS),LUIZ (ENGESIG),"R$ 150,00",NÃO HOUVE O.S. GEFROE,,
41.922,*****,2765,23/11/2022,ABS-17103,132383,1. Fornecer e substituir o kit do braço articulador do trambulador.,BF DIESEL,"R$ 5.600,00",FINALIZADA NA NEO,,
42.133,*****,*****,05/09/2022,ABS-17101,225548,manutenção na mangueira de ar do freio (reencaixe),TIZIL,R$ -,NÃO HOUVE O.S. GEFROE,,
43.178,*****,*****,29/08/2022,VO-17008,203567,TROCA DO ALTERNADOR (RECONDICIONADO A BASE DE TROCA - 6 MESES DE GARANTIA),DANIEL (4 TEMPOS - ITAQUÁ),"R$ 930,00",NÃO HOUVE O.S. GEFROE,,
43.178,*****,*****,29/08/2022,VO-17008,203567,MANUTENÇÃO NO MOTOR DE PARTIDA (TROCA DO PORTA ESCOVA E BUCHA),DANIEL (4 TEMPOS - ITAQUÁ),"R$ 280,00",NÃO HOUVE O.S. GEFROE,,
43.145,*****,*****,06/09/2022,MOB-17104,53537,TROCA DE BATERIA: GARANTIA (Nº SÉRIE: 08/06/2022-0003),DOMÍNIO MOTOS,R$ -,NÃO HOUVE O.S. GEFROE,,
41.961,*****,*****,07/09/2022,ABS-17106,8903,CONSERTO DO CONTROLE DO GUINCHO; SUBSTITUIÇÃO DO SENSOR DE NÍVEL DO TANQUE DE ÁGUA; AJUSTE DA VÁLVULA BT/TB (GARANTIA),MITREN,R$ -,NÃO HOUVE O.S. GEFROE,,
42.161,*****,*****,08/09/2022,AS-17101,277450,TROCA DOS 2 PENUS DIANTEIROS (7.50-16 CTT 116/114L 10 A.AT52) E DOS 4 PNEUS TRASEIROS (7.50-16 CTT 116/114L 10 A.AT59),CAMPNEUS,"R$ 5.100,00",NÃO HOUVE O.S. GEFROE,,
42.069,*****,2773,???,ABS-17102,???,"1. Fornecer e substituir 02 (dois) tambores de freio dianteiros, LD e LE;
 2. Fornecer e substituir jogo de lonas do freio dianteiro, LD e LE;
 3. Fornecer e substituir 02(dois) tambores de freio traseiros, LD e LE;
 4. Fornecer e substituir o jogo de lonas do freio traseiro, LD e LE;",BF DIESEL,"R$ 5.082,00",FINALIZADA NA NEO,,
43.192,*****,*****,09/09/2022,AC-17002,147980,REPARO NO CHICOTE DE ALIMENTAÇÃO DO ALTERNADOR,NICOLAU,"R$ 450,00",NÃO HOUVE O.S. GEFROE,,
43.203,*****,*****,12/09/2022,AS-17101,277450,TROCA DO RETENTOR DO CUBO TRASEIRO LADO DIREITO,BAIANINHO,"R$ 280,00",NÃO HOUVE O.S. GEFROE,,
43.178,*****,*****,13/09/2022,VO-17008,203816,REVISÃO MECÂNICA (MOTOR DE ARRANQUE - GARANTIA),DANIEL (4 TEMPOS - ITAQUÁ),,NÃO HOUVE O.S. GEFROE,,
*****,*****,2777,12/11/2022,AS-17201,188826,"1. Fornecer e substituir a junta de distribuição;
 2. Fornecer e substituir o retentor do virabrequim dianteiro;
 3. Fornecer e substituir o bujão do cárter;
 4. Fornecer e substituir o mancal;
 5. Fornecer e substituir óleo do motor conforme especificação de fábrica;
 6. Fornecer e substituir o filtro de óleo do motor;
 7. Recondicionar a caixa de direção;
 8. Realizar lavagem e lubrificação do chassi;
 9. Fornecer e substituir a graxa de todos os pontos de lubrificação, utilizando graxa apropriada, dentro da especificação.",MECANICA 4 TEMPOS,"R$ 4.847,00",FINALIZADA NA NEO,LEVAR ÓLEO,
*****,*****,2779,26/09/2022,AB-17201,*****,"1. Fornecer e substituir o jogo de lonas de freio traseiro e dianteiro;
 2. Fornecer e substituir os arrebites do jogo de lonas;
 3. Recondicionar o servo da embreagem;
 4. Ajustar a regulagem dos freios;
 5. Realizar a limpeza do conjunto de frenagem;
 6. Realizar reparo em vazamento de mangueira do sistema pneumático do freio;",*****,R$ -,CANCELADA NA NEO,,
*****,*****,2780,???,UR-17208,???,"1. Reparar vazamento na junta do cárter do óleo lubrificante do motor;
 2. Fornecer e substituir itens necessários para sanar o vazamento do item 1.",OLUCHI REPARAÇÕES AUTOMOTIVA,"R$ 1.696,83",FINALIZADA NA NEO,,
42.118,*****,*****,14/09/2022,AC-17002,148223,REPARO NO VOLANTE DA DIREÇÃO (TROCA DO COURO),BLACK FILMS,"R$ 290,00",NÃO HOUVE O.S. GEFROE,,
43.192,*****,*****,08/09/2022,AC-17002,147950,REVISÃO NOS CIRCUITOS ELÉTRICOS DE ACOPLAMENTO DA BATERIA,LUIZ (ENGESIG),"R$ 130,00",NÃO HOUVE O.S. GEFROE,,
*****,*****,*****,12/09/2022,AS-17101,277450,"REPARO NO ALTERNADOR: REGULAGEM, ROTOR, ROLAMENTO PARA POLIA, CAPA ROLAMENTO.",MACSOM,"R$ 1.058,00",NÃO HOUVE O.S. GEFROE,,
42.153,*****,*****,15/09/2022,AC-17002,148300,"COMPRA DE: 02 PIVOS INFERIORES, 04 BUCHAS DA BANDEJA INFERIOR, 01 BANDEJA SUPRIOR LD, 01 BANDEJA SUPRIOR LE, 02 BUCHAS BARRA ESTABILIZADORA DIANTEIRA.",MOGI VANS,"R$ 1.202,00",NÃO HOUVE O.S. GEFROE,,
42.153,*****,*****,15/09/2022,AC-17002,148300,"SERVIÇO DE MONTAGEM DE PEÇAS, ALINHAMENTO, BALANCEAMENTO E REVISÃO DE FREIO",PEDRO VANS,"R$ 800,00",NÃO HOUVE O.S. GEFROE,,
*****,*****,2783,10/10/2022,AS-17101,278630,"1. Substituir o óleo do motor (OBS.: o óleo será fornecido pelo setor de Motomecanização do 17ºGB);
 2. Fornecer e substituir o filtro de óleo do motor;
 3. Fornecer e substituir o filtro de combustível.",BF DIESEL,"R$ 225,00",FINALIZADA NA NEO,,
43230,*****,*****,16/09/2022,ABS-17103,128840,COMPRA DO AMORTECEDOR PARA PORTA MALAS,NOGUTI,"R$ 91,62",NÃO HOUVE O.S. GEFROE,,
42159,*****,*****,06/09/2022,CM-17102,38800,TROCA DA JUNTA DO TROCADOR DE CALOR,TIZIL,"R$ 200,00",NÃO HOUVE O.S. GEFROE,,
43238,*****,*****,21/09/2022,TP-17004,248164,TROCA DO DUTO DO FILTRO DE ENTRADA DE AR,JACFLEX,"R$ 175,00",NÃO HOUVE O.S. GEFROE,,
*****,*****,2789,14/10/2022,ABS-17101,225800,"1. Substituir o óleo do motor, o óleo será fornecido por este setor de Motomecanização;
 2. Fornecer e substituir o filtro de óleo do motor;
 3. Fornecer e substituir o filtro de ar do motor;
 4. Fornecer e substituir o filtro de óleo combustível;
 5. Realizar o recondicionamento da turbina do motor, fornecendo e substituindo as peças necessárias.",BF DIESEL,"R$ 3.138,00",FINALIZADA NA NEO,,
*****,*****,2790,19/10/2022,ABS-17102,151417,"Recondicionar a caixa da direção hidráulica, fornecendo e substituindo peças necessárias ao serviço; Fornecer e substituir o óleo hidráulico da caixa de direção hidráulica, conforme especificação do fabricante;Fornecer e substituir o filtro da direção hidráulica.",BF DIESEL,"R$ 3.428,00",FINALIZADA NA NEO,,
42.104,*****,2791,11/11/2022,MOB-17101,62400,"Fornecer e Substituir o pneu dianteiro de medida 100/90R19;
  Fornecer e substituir o pneu traseiro de medida 130/80R17;
  Realizar regulagem dos raios.",LYLLY MOTOS,"R$ 1.810,00",FINALIZADA NA NEO,,
42.105,*****,2792,08/11/2022,MOB-17105,46320,"Fornecer e Substituir o pneu dianteiro de medida 100/90R19; Fornecer e substituir o pneu traseiro de medida 130/80R17;
  regulagem dos raios.",LYLLY MOTOS,"R$ 1.890,00",FINALIZADA NA NEO,,
43261,*****,*****,28/09/2022,AC-17002,148732,TROCA DE DUAS CORREIAS DO ALTERNADOR,NICOLAU,"R$ 244,50",NÃO HOUVE O.S. GEFROE,,
41.726,*****,*****,05/10/2022,ABS-17102,153303,FABRICAÇÃO E INSTALAÇÃO DO SUPORTE DE FIXAÇÃO DA CARROCERIA E CORPO DE BOMBA,REPRESSU,"R$ 2.640,00",NÃO HOUVE O.S. GEFROE,,
43.269,*****,2801,07/11/2022,MO-17001,150944,"Realizar o balanceamento de 04 (quatro) pneus;
 Realizar alinhamento de direção.",APICE MOGI,"R$ 350,00",FINALIZADA NA NEO,,
*****,*****,2802,04/10/2022,UT-17001,94194,"1. Substituir o óleo do motor, sendo este fornecido pelo setor de Motomecanização do 17ºGB;
 2. Fornecer e substituir o filtro de óleo do motor;
 3. Fornecer e substituir o filtro de ar do motor;
 4. Fornecer e substituir o filtro de combustível.",BF DIESEL,"R$ 205,00",FINALIZADA NA NEO,NEGOCIAR ( TROCA DE ÓLEO REALIZADA OFICINA DU PAIVA),
*****,*****,2803,14/10/2022,TP-17004,138353,"1. Fornecer e substituir o óleo do motor, conforme especificação do fabricante;
 2. Fornecer e substituir o filtro de óleo do motor;
 3. Fornecer e substituir o filtro de ar do motor;
 4. Fornecer e substituir o filtro de combustível.",BF DIESEL,"R$ 465,00",FINALIZADA NA NEO,,
*****,*****,2805,27/10/2022,VO-17008,203816,"1. Fornecer e substituir 02(dois) coxim lateral do motor;
 2. Fornecer e substituir o esticador da correia de auxílio;
 3. Fornecer e substituir a válvula moduladora da turbina;
 4. realizar a regulagem da válvula moduladora.",BF DIESEL,"R$ 3.115,00",FINALIZADA NA NEO,,
43273,*****,*****,03/10/2022,CM-17102,39540,REPARO EM CHICOTE DO BOTÃO DE ACIONAMENTO DA MÁQUINA DO VIDRO,MACSOM,"R$ 240,00",NÃO HOUVE O.S. GEFROE,,
43299,*****,*****,03/10/2022,UT-17001,94030,"TROCA DE PASTILHA DE FREIO DIANTEIRO, SANGRIA DO FREIO (DOT3) PALHETA DO LIMPADOR DE PARABRISA",DU PAIVA,"R$ 390,00",NÃO HOUVE O.S. GEFROE,,
41899,*****,*****,27/09/2022,CM-17102,39520,TROCA DO GUIA DO GRAMPO TRASEIRO,MOLAMEC,"R$ 138,00",NÃO HOUVE O.S. GEFROE,,
*****,*****,2808,30/11/2022,ABS-17204,76650,"1. Substituir 04 (quatro) pneus de medidas 275/80R22.5 , sendo os pneus fornecidos pelo setor de Motomecanização do 17ºGB;
 2. Fornecer e substituir 04 (quatro) bicos, dos pneus que serão substituídos.;
 3. Realizar alinhamento de direção;
 4. Realizar lavagem do chassi e lubrificação dos pontos de graxa, fornecendo e substituindo a graxa necessária.",APICE MOGI,"R$ 940,00",FINALIZADA NA NEO,,
42.161,*****,*****,07/10/2022,AS-17101,278600,ALINHAMENTO DE DIREÇÃO,TIZIL,,NÃO HOUVE O.S. GEFROE,,
43292,*****,*****,05/10/2022,ABS-17103,130322,TROCA DA PONTA DE EIXO,TIZIL,"R$ 2.476,06",NÃO HOUVE O.S. GEFROE,,
43288,*****,*****,05/10/2022,MOB-17105,45285,CONFECÇÃO DE CHAVE,CHAVEIRO BRÁS CUBAS,"R$ 180,00",NÃO HOUVE O.S. GEFROE,,
43306,*****,*****,10/10/2022,AS-17101,278623,REPARO EM CANO DE COMBUSTÍVEL,BF DIESEL,"R$ 890,00",NÃO HOUVE O.S. GEFROE,,
*****,*****,2818,09/11/2022,VO-17008,203816,"1. Fornecer e substituir o volante do motor, conforme especificação do fabricante.",APICE MOGI,"R$ 4.150,00",FINALIZADA NA NEO,,
43.314,*****,2819,16/11/2022,CM-17102,39830,"1. Fornecer e substituir o conjunto da embreagem;
 2. Fornecer e substituir o rolamento do volante do motor;
 3. Fornecer e substituir o cilindro da embreagem;
 4. Fornecer e substituir o servo da embreagem;
 5. Fornecer e substituir o fluído DOT4, para embreagem;
 6. Realizar retífica do volante do motor.",BF DIESEL,"R$ 16.000,00",FINALIZADA NA NEO,,
*****,*****,*****,14/10/2022,TP-17000,145227,ALINHAMENTO DE RODAS,IKEDA,"R$ 25,00",NÃO HOUVE O.S. GEFROE,,
43.313,*****,*****,19/10/2022,AS-17101,278783,"TROCA DE ESPIGÃO, PORCA SIMPLES, BUCHA DA MOLA TRASEIRA, PARAFUSO 3/8, PORCA TRAVANTE 3/8",MOLAMEC,"R$ 919,00",NÃO HOUVE O.S. GEFROE,,
43.355,*****,*****,19/10/2022,ABS-17101,225804,MANGUEIRA DE AR DA BOMBA DE INCÊNDIO,BAIANINHO,R$ -,NÃO HOUVE O.S. GEFROE,,
43299,*****,*****,04/10/2022,UT-17001,94194,"RETÍFICA DO CABEÇOTE, JUNTA, TROCA DE ÓLEO 5W30, CANO COLETOR DE ÁGUA",DU PAIVA,"R$ 1.261,00",NÃO HOUVE O.S. GEFROE,,
40.518,*****,2822,29/11/2022,ABS-17101,226210,"1. Fornecer e substituir as fechaduras e molduras da parte interna da porta (motorista e passageiro);
 2. Fornecer e substituir as palhetas dos limpadores do para-brisas;
 3. Realizar lavagem e lubrificação do motor e chassi;
 4. Fornecer e substituir a graxa de todos os pontos de graxa.",BF DIESEL,"R$ 1.450,00",FINALIZADA NA NEO,,
43.385,*****,2823,21/11/2022,AB-17102,74482,"1. Fornecer e substituir 02 (dois) 315/80R22.5 Direcional (Liso) 154/150M Construção Radial;
 2. Fornecer e substituir 02 (dois) bicos;
 3. Realizar o balanceamento de 02 (dois) pneus.
 4. Realizar alinhamento de direção.",APICE JACU PESSEGO,"R$ 8.970,00",FINALIZADA NA NEO,,
43.326,*****,2835,07/12/2022,UR-17211,24138,"1. Fornecer e substituir o jogo de pastilhas do freio das 04 (quatro) rodas; 
 2. Realizar regulagem dos freios, inclusive freio de mão.",MARVANS,"R$ 1.583,80",FINALIZADA NA NEO,,
*****,*****,2836,30/11/2022,ABS-17204,76650,1. Fornecer e substituir o cano de alimentação de diesel.,BF DIESEL,"R$ 1.100,00",FINALIZADA NA NEO,,
43.385,*****,*****,31/10/2022,AB-17102,74165,"MANGUEIRA, ABRAÇADEIRA, COTOVELO, ADAPTADOR",JACFLEX,"R$ 236,00",NÃO HOUVE O.S. GEFROE,,
41939,*****,*****,21/10/2022,MOB-17101,62314,TROCA DE ÓLEO 10W30 SEMI SINTÉTICO; TROCA DE FILTRO DE ÓLEO (OBS.: FILTRO FORNECIDO PELA MOTOMEC);REVISÃO ELÉTRICA,RAVI MOTOS,"R$ 267,00",NÃO HOUVE O.S. GEFROE,,
41939,*****,*****,21/10/2022,MOB-17102,66605,"MOLA DA SUSPENSÃO DIANT. LD, PAR DE MANOPLAS; TROCA DAS PASTILHAS DE FREIO TRASEIRO (OBS.: PASTILHAS FORNECIDAS PELA MOTOMEC)",RAVI MOTOS,"R$ 462,50",NÃO HOUVE O.S. GEFROE,,
43.334,*****,*****,01/11/2022,AS-17101,279184,INSPEÇÃO E REGULAGEM DE FREIOS. (PRÓXIMA INSP. COM 281.000 KM),BAIANINHO,R$ -,NÃO HOUVE O.S. GEFROE,,
43.394,*****,*****,03/11/2022,ABS-17102,151557,CARGA NA BATERIA (OBS.: PROCEDIMENTO EFETUADO PELO CB PM GILSON DA PRONTIDÃO VERDE DA E.B. SHANGAI),PRONTIDÃO VERDE - EB SHANGAI (CB GILSON),R$ -,NÃO HOUVE O.S. GEFROE,,
43.403,*****,*****,07/11/2022,AC-17002,151545,TROCA DO SEMI EIXO DIANTEIRO LADO ESQUERDO,MAC CAR,"R$ 1.450,00",NÃO HOUVE O.S. GEFROE,,
*****,*****,*****,07/11/2022,VO-17103,40838,"REVISÃO DOS 40.000 KM => TROCA DE: ÓLEO, FILTRO DE ÓLEO, FILTRO DE AR DO MOTOR, FILTRO DE COMBUSTÍVEL, FLUIDO DE FREIO, VELAS DE IGNIÇÃO. OBS.: PRÓXIMA REVISÃO AOS 50.000 KM OU 07/11/2023 (O QUE OCORRER PRIMEIRO).",DESTAQUE FIAT MOGI,R$ -,NÃO HOUVE O.S. GEFROE,,
43.406,*****,*****,07/11/2022,AS-17101,279350,BALANCEAMENTO; TROCA DOS 02 AMORTECEDORES DIANTEIROS; ALINHAMENTO COMPUTADORIZADO DO EIXO DIANTEIRO; RECONDICIONAMENTO DA BARRA CURTA DE DIREÇÃO; RECONDICIONAMENTO DA BARRA LONGA DE DIREÇÃO.,MOLAMEC,"R$ 1.865,00",NÃO HOUVE O.S. GEFROE,,
*****,*****,2844,01/12/2022,MOB-17105,46850,"Fornecer e substituir o kit de relação (corrente, coroa e pinhão)",RAVI MOTOS,"R$ 1.558,90",FINALIZADA NA NEO,,
43.394,*****,2852,30/11/2022,ABS-17102,151750,Fornecer e substituir 02 (duas) baterias de 150Ah,BF DIESEL,"R$ 1.850,00",FINALIZADA NA NEO,,
43.399,*****,*****,04/11/2022,AC-17002,151500,TROCA DAS PASTILHAS DE FREIO (OBS.: PRÓXIMA INSP. COM 153.000 KM),BF DIESEL,"R$ 210,00",NÃO HOUVE O.S. GEFROE,,
*****,*****,*****,09/11/2022,CA-17001,249773,REGULAGEM DO PEDAL DE EMBREAGEM,TIZIL,R$ -,NÃO HOUVE O.S. GEFROE,,
43.442,*****,*****,11/11/2022,MOB-17105,46500,TROCA DE: ÓLEO DO MOTOR (10W30); FILTRO DE ÓLEO DO MOTOR,RAVI MOTOS,"R$ 250,00",NÃO HOUVE O.S. GEFROE,,
43.443,*****,*****,11/11/2022,MOB-17101,62400,TROCA DA CORRENTE,SUKA MOTOS,"R$ 549,00",NÃO HOUVE O.S. GEFROE,,
44.470,*****,*****,21/11/2022,MOB-17102,66608,ALINHAMENTO DO GUIDÃO E DO PEDAL DO CÂMBIO; TROCA DA LENTE DO PISCA TRASEIRO ESQUERDO;,RR MOTOS,"R$ 290,00",NÃO HOUVE O.S. GEFROE,,
43.444,*****,*****,19/11/2022,MOB-17105,46320,EXTRAÇÃO DA CHAVE QUEBRADA NO MIOLO DA IGNIÇÃO; CÓPIA DE CHAVE,CHAVEIRO BRÁS CUBAS,"R$ 280,00",NÃO HOUVE O.S. GEFROE,,
44.461,*****,*****,17/09/2022,MO-17001,149055,ABRAÇADEIRAS CANO DE BICO (SERVIÇO REALIZADO: LAVAGEM NO ALOÍSIO),BF DIESEL,"R$ 100,00",NÃO HOUVE O.S. GEFROE,,
43.299,*****,*****,10/11/2022,UT-17001,95143,REPARO EM FREIO ( INSTALAÇÃO DE CALÇO DA PASTILHA DE FREIO),DU PAIVA,"R$ 95,00",NÃO HOUVE O.S. GEFROE,,
43.444,*****,*****,07/11/2022,MOB-17101,62315,CONFECÇÃO DE CHAVE PARA A TAMPA DO TANQUE DE COMBUSTÍVEL,CHAVEIRO BRÁS CUBAS,"R$ 30,00",NÃO HOUVE O.S. GEFROE,,
43.444,*****,*****,07/11/2022,MOB-17102,66608,CONFECÇÃO DE CHAVE PARA A TAMPA DO TANQUE DE COMBUSTÍVEL,CHAVEIRO BRÁS CUBAS,"R$ 30,00",NÃO HOUVE O.S. GEFROE,,
43.444,*****,*****,07/11/2022,MOB-17104,55107,CONFECÇÃO DE CHAVE PARA A TAMPA DO TANQUE DE COMBUSTÍVEL,CHAVEIRO BRÁS CUBAS,"R$ 30,00",NÃO HOUVE O.S. GEFROE,,
43.444,*****,*****,07/11/2022,MOB-17105,46320,CONFECÇÃO DE CHAVE PARA A TAMPA DO TANQUE DE COMBUSTÍVEL,CHAVEIRO BRÁS CUBAS,"R$ 30,00",NÃO HOUVE O.S. GEFROE,,
*****,*****,*****,22/11/2022,ABS-17105,31212,TROCA DOS DOIS PNEUS DIANTEIROS,PB GUARAREMA,R$ -,NÃO HOUVE O.S. GEFROE,,
43.334,*****,*****,28/11/2022,AS-17101,279749,TROCA DO CABO DO FREIO ESTACIONÁRIO DIANTEIRO (SERVIÇO EFETUADO NO PBBC),BF DIESEL,"R$ 390,00",NÃO HOUVE O.S. GEFROE,,
44.462,*****,*****,23/11/2022,ABS-17102,151578,REPARO DO EIXO CARDAN DA BOMBA DE INCÊNDIO (SERVIÇO EFETUADO NO PB SHANGAI),BF DIESEL,"R$ 400,00",NÃO HOUVE O.S. GEFROE,,
44.455,*****,*****,23/11/2022,ABS-17101,226202,COMPRA DE 05 (CINCO) METROS DE MANGUEIRA TCALON 6mm,JACFLEX,"R$ 15,00",NÃO HOUVE O.S. GEFROE,,
44.469,*****,*****,23/11/2022,AC-17002,152400,"REPARO NO ALTERNADOR (TROCA DA PLACA, ESTATOR E REGULADOR DE VOLTAGEM)",DANIEL (4 TEMPOS - ITAQUÁ),"R$ 1.390,00",NÃO HOUVE O.S. GEFROE,,
44.455,*****,*****,23/11/2022,ABS-17101,226202,TROCA DA MANGUEIRA TCALON 6mm DA BOMBA DE INCÊNCIO,MOTOMEC,R$ -,NÃO HOUVE O.S. GEFROE,,
44.457,*****,*****,18/11/2022,MOB-17101,62500,REAPERTO NA CAIXA DE DIREÇÃO,RAVI MOTOS,R$ -,NÃO HOUVE O.S. GEFROE,,
*****,*****,2876,,UR-17208,,"1. Fornecer e substituir 02 (dois) discos de freio traseiro completo;
 2. Fornecer e substituir os patinhos dos freios traseiros;
 3. Fornecer e substituir as molas dos patinhos de freio traseiros;
 4. Fornecer e substituir as travas do freio traseiro;
 5. Fornecer e substituir o jogo de pastilhas de freio do sistema de frenagem das 4 rodas;",DANIEL (4 TEMPOS - ITAQUÁ),"R$ 1.939,00",APROVADA NA NEO,,
*****,*****,2877,,UR-17206,,"1. Fornecer e substituir a Válvula Wastegate da turbina; 
 2. Realizar programação de scanner.",COSMORAMA,"R$ 5.960,00",APROVADA NA NEO,,
44.475,*****,*****,25/11/2022,VO-17104,15184,CONSERTO PNEU TRASEIRO LADO DIREITO (PNEU FURADO),RE9 DIESEL,"R$ 25,00",NÃO HOUVE O.S. GEFROE,,
44.464,*****,*****,30/11/2022,ABS-17105,31400,REVISÃO (VERIFICAÇÃO DO SISTEMA ABS E ARREFECIMENTO),DIBRACAM,R$ -,NÃO HOUVE O.S. GEFROE,,
*****,*****,*****,05/12/2022,TP-17004,252172,CONSERTO PNEU DIANTEIRO ESQUERDO (PNEU FURADO),RE9 DIESEL,"R$ 25,00",NÃO HOUVE O.S. GEFROE,,
*****,*****,2895,11/01/2023,UR-17206,168420,BATERIA 95 AH,VG ELETRO DIESEL,"R$ 1.470,00",EXECUTADO,,
43.394,*****,*****,08/12/2022,ABS-17102,152031,TROCA DAS DUAS BATERIAS (BOLT 100Ah - N° SÉRIE: 17/10/22-SE100-15719 ; BOLT 180Ah - N° SÉRIE: 27/10/22-S180E15932),REI DAS BATERIAS,,NÃO HOUVE O.S. GEFROE,,
43.334,*****,*****,08/12/2022,AS-17101,280526,REGULAGEM DO FREIO ESTACIONÁRIO,BF DIESEL,R$ -,NÃO HOUVE O.S. GEFROE,,
44.469,*****,*****,08/12/2022,AC-17002,152475,TROCA DO CAPACITOR DO MÓDULO DO ALTERNADOR,DANIEL (4 TEMPOS - ITAQUÁ),"R$ 243,00",NÃO HOUVE O.S. GEFROE,,
44.500,*****,*****,10/12/2022,ABS-17106,12429,TROCA DA SOLENÓIDE DO ENGATE DA BOMBA DE INCÊNDIO (OBS.: PEÇA FORNECIDA PELA MITREN - GARANTIA; TROCA EFETUADA PELA PRONTIDÃO DE SERVIÇO NO DIA 10/12/2022 DA EBBC),MITREN,R$ -,NÃO HOUVE O.S. GEFROE,,
44.579,*****,*****,16/12/2022,VO-17008,204150,TROCA DO MOTOR DE PARTIDA (obs.: 6 meses de garantia pela loja e 12 meses de garantia pelo fabricante),REI DAS BATERIAS,"R$ 1.570,00",NÃO HOUVE O.S. GEFROE,,
42.138,*****,2908,,ABS-17103,,"1. Fornecer e substituir 04 (quatro) pneus para caminhão, de tração, dimensões 275/80 R22,5, construção radial, aro 22,5, ic 152/148, cod. vel. “m”, novo (primeira vida), com certificação compulsória inmetro. Atendendo a norma ABNT NBR 15296/2005;
 2. Efetuar a montagem, balanceamento e calibragem de 04 (quatro) pneus, conforme especificações do fabricante.",APICE JACU PESSEGO,"R$ 13.456,00",APROVADA NA NEO,,
44.499,*****,2909,,MOB-17104,,"1. Fornecer e substituir o pneu dianteiro de medida 100/90R19;
 2. Fornecer e substituir o pneu traseiro de medida 130/80R17;",LYLLY MOTOS,"R$ 1.825,00",APROVADA NA NEO,,
43.292,*****,2910,,ABS-17103,,"1. Fornecer e substituir coroa e pinhão do diferencial, conforme especificação do fabricante;
 2. Fornecer e substituir a caixa satélite completa do diferencial;
 3. Fornecer e substituir os rolamentos do diferencial;
 4. Recondicionar a carcaça do diferencial;
 5. Fornecer e substituir o sino do diferencial;
 6. Revisão geral do diferencial;
 7. revisão dos cubos da roda da tração, lado direito e esquerdo;
 8. Fornecer e substituir o silicone de vedação;
 9. Fornecer e substituir o óleo do diferencial 85w40;
 10. Fornecer e substituir o rolamento da roda, lado direito e esquerdo.",,,PENDENTE NA NEO,,
44.553,*****,*****,14/12/2022,CM-17102,40010,"GRAMPO SUSPENSÃO AR LADO PASSAGEIRO (TROCA DE: 01 GRAMPO 24x140x360 BA, 02 PORCAS DUPLA 24mm MB SX 2.0)",MOLAMEC,"R$ 167,22",NÃO HOUVE O.S. GEFROE,,
*****,*****,*****,01/12/2022,MOB-17105,46850,TROCA DA TRAVA DO PINHÃO,RAVI MOTOS,R$ -,NÃO HOUVE O.S. GEFROE,,
*****,*****,2931,12/01/2023,VO-17007,131976,"1. Fornecer e substituir o óleo do motor;
 2. Fornecer e substituir o filtro de óleo do motor;
 3. Fornecer e substituir o filtro de combustível;
 4. Fornecer e substituir o filtro de ar do motor.",COSMORAMA,"R$ 524,00",EXECUTADO,,
*****,*****,2932,,TP-17205,,"Fornecer e substituir o óleo do motor; Fornecer e substituir o filtro de óleo do motor; Fornecer e substituir o filtro de combustível; Fornecer e substituir o filtro de ar do motor; Fornecer e substituir o filtro de ar da cabine (ar condicionado); Fornecer e substituir o reservatório de água, completo; Fornecer e substituir todas as mangueiras do sistema de arrefecimento; Fornecer e substituir o líquido de arrefecimento com aditivo, conforme especificação do fabricante; Fornecer e substituir a válvula termostática, completa.",COSMORAMA,"R$ 2.745,00",APROVADA NA NEO,,
*****,*****,2934,,UT-17003,,"1. Fornecer e substituir o farol completo dianteiro, lado direito e esquerdo;
 2. Fornecer e substituir as lâmpadas que fazem parte do farol e luz de seta.",BF DIESEL,"R$ 2.000,00",APROVADA NA NEO,,
*****,*****,2935,,TP-17001,,"1. Fornecer e substituir as borrachas de vedação das portas, dianteiras e traseiras, lado direito e esquerdo;
 2. Fornecer e substituir a borracha de vedação do porta malas;
 3. Fornecer e substituir o jogo de pestanas externas das portas dianteiras e traseiras, lado direito e esquerdo;
 4. Fornecer e substituir o forro completo interno das portas dianteiras, lado direito e esquerdo, para vidro elétrico.",,,PENDENTE NA NEO,,
*****,*****,2936,12/01/2023,TP-17000,150565,"1. Fornecer e substituir o óleo do motor;
 2. Fornecer e substituir o filtro de óleo do motor;
 3. Fornecer e substituir o filtro de combustível;
 4. Fornecer e substituir o filtro de ar do motor;
 5. Fornecer e substituir o filtro de ar da cabine (ar condicionado).",MARVANS,"R$ 441,80",EXECUTADO,,
*****,*****,2937,10/01/2023,MO-17001,152247,"1. Fornecer e substituir o óleo do motor;
 2. Fornecer e substituir o filtro de óleo do motor;
 3. Fornecer e substituir o filtro de combustível;
 4. Fornecer e substituir o filtro de ar do motor;
 5. Fornecer e substituir o filtro de ar da cabine (ar condicionado).
 6. Realizar lavagem completa do veículo, externa e interna.",MARVANS,"R$ 1.286,00",EXECUTADO,,
*****,*****,2938,,VO-17008,,"1. Fornecer e substituir o óleo do motor;
 2. Fornecer e substituir o filtro de óleo do motor;
 3. Fornecer e substituir o filtro de combustível;
 4. Fornecer e substituir o filtro de ar do motor;
 5. Fornecer e substituir o filtro de ar da cabine (ar condicionado).
 6. Realizar recarga do gás do sistema de ar condicionado, fornecendo o gás necessário para o serviço.",BF DIESEL,"R$ 1.225,00",APROVADA NA NEO,,
*****,*****,2939,,MT-17004,,"1. Fornecer e substituir o óleo do motor;
 2. Fornecer e substituir o filtro de óleo do motor;
 3. Fornecer e substituir o filtro de combustível;
 4. Fornecer e substituir o filtro de ar do motor;
 5. Fornecer e substituir os piscas da luz de seta traseiros, lado direito e esquerdo;",LYLLY MOTOS,"R$ 360,00",APROVADA NA NEO,,
*****,*****,2940,,CA-17001,,"1. Substituir o óleo do motor, o óleo será fornecido pelo setor de Motomecanização;
 2. Fornecer e substituir o filtro de óleo do motor;
 3. Fornecer e substituir o filtro de combustível;
 4. Fornecer e substituir o filtro de ar do motor;
 5. Fornecer e substituir o filtro Racor;",,,PENDENTE NA NEO,,
43.268,*****,2944,,MT-17004,,"1. Fornecer e substituir o pneu dianteiro, de medidas 90/90R21, conforme especificação do fabricante;
 2. Fornecer e substituir o pneu traseiro, de medidas 120/90R17, conforme especificação do fabricante;
 3. Fornecer e substituir o eixo do pedal da troca de marchas;",LYLLY MOTOS,"R$ 1.539,00",APROVADA NA NEO,,
*****,*****,2945,16/01/2023,AC-17002,152771,"1. Fornecer e substituir a bateria do motor, de 95Ah, conforme especificação do fabricante.
 2. Realizar lavagem completa e lubrificação de todos os pontos de graxa, fornecendo e substituindo a graxa conforme especificação do fabricante.",AUTO REPAIR 4x4,"R$ 1.300,00",EXECUTADO,,
*****,*****,2946,,AC-17002,,"1. Fornecer e substituir o óleo do motor;
 2. Fornecer e substituir o filtro de óleo do motor;
 3. Fornecer e substituir o filtro de combustível;
 4. Fornecer e substituir o filtro de ar do motor;
 5. Fornecer e substituir o filtro de ar da cabine (ar condicionado).",BF DIESEL,"R$ 890,00",APROVADA NA NEO,,
*****,*****,2947,,VO-17008,,"1. Fornecer e substituir as lanternas traseiras, lado direito e esquerdo, conforme especificação do fabricante;
 2. Fornecer e substituir os faróis, completos, lado direito e esquerdo, conforme especificação do fabricante;
 3. Fornecer e substituir a grade frontal, na cor vermelha, conforme já existente;
 4. Realizar revitalização do plástico existente no para-choque traseiro;
 5. Realizar alinhamento do capô do motor;
 6. Fornecer e substituir o cabo de aço do abridor do capô do motor;
 7. Fornecer e substituir a trava do capô do motor.
 8. Fornecer e substituir o farol de milha, lado direito e esquerdo, conforme especificação do fabricante.",,,PENDENTE NA NEO,,
*****,*****,2948,,UR-17208,,"1. Fornecer e substituir os rolamentos da manga de eixo traseira, lado direto e esquerdo;
 2. Fornecer e substituir o espelho de proteção da sapata;
 3. Fornecer e substituir o óleo do diferencial;
 4. Fornecer e substituir a junta da tampa da caixa satélite.
 5. Realizar lavagem e lubrificação do chassi, fornecendo a graxa apropriada para o serviço.",OLUCHI,"R$ 5.469,25",APROVADA NA NEO,,
*****,*****,*****,20/12/2022,ABS-17102,152470,COMPRA DE: 04 lâmpadas H7 55w12v; 05 lâmpadas âmbar 21w12v (para seta),NOGUTI CAMINHÕES,"R$ 129,68",NÃO HOUVE O.S. GEFROE,,
*****,*****,2952,,AS-17101,,Reparar vazamento em radiador do sistema do arrefecimento.,,,PENDENTE NA NEO,,
44.581,*****,2953,,AB-17102,,"1. Reparar vazamento em bomba d'água do sistema de arrefecimento do motor.
 2. Fornecer e substituir o líquido de arrefecimento, com o aditivo próprio conforme especificação do fabricante.",,,PENDENTE NA NEO,,
44.589,*****,*****,22/12/2022,AB-17102,75085,TROCA DA MANGUEIRA DO RADIADOR,BF DIESEL,"R$ 180,00",NÃO HOUVE O.S. GEFROE,,
44.581,*****,*****,21/12/2022,AB-17102,75080,TROCA DO SELO DO BLOCO DO MOTOR; 8 LITROS DE ADITIVO CONCENTRADO PARA RADIADOR,BF DIESEL,"R$ 475,00",NÃO HOUVE O.S. GEFROE,,
44.599,*****,*****,23/12/2022,VO-17103,50325,TROCA DOS 04 PNEUS (205/65R15 - 94H ROADWEAR COMPASAL); ALINHAMENTO DE DIREÇÃO; BALANCEAMENTO DAS 04 RODAS,SHIMIZU,"R$ 1.928,44",NÃO HOUVE O.S. GEFROE,,
*****,*****,*****,26/12/2022,VO-17103,50668,REVISÃO DOS 50.000 COM TROCA DE ÓLEO E FILTROS,FIAT DESTAC,R$ -,NÃO HOUVE O.S. GEFROE,,
43.206,*****,*****,28/12/2022,AC-17002,152771,CAPA DE PLÁSTICO PARA OS BANCOS,MALDONADO,"R$ 800,00",NÃO HOUVE O.S. GEFROE,,
43.206,*****,*****,28/12/2022,AC-17001,1363,CAPA DE PLÁSTICO PARA OS BANCOS,MALDONADO,"R$ 800,00",NÃO HOUVE O.S. GEFROE,,
42.081,*****,*****,12/12/2022,UT-17003,100622,REESTRUTURAÇÃO DO CHICOTE PRINCIPAL E ACOPLAMENTO DE BATERIA,LUIZ (ENGESIG),"R$ 1.530,00",NÃO HOUVE O.S. GEFROE,,
44.559,*****,*****,26/12/2022,ABS-17102,,REPARO NA LUVA DA CAIXA DE TRANSFERÊNCIA,EVR REPRESENTAÇÕES,"R$ 630,00",NÃO HOUVE O.S. GEFROE,,
44.514,*****,*****,05/12/2022,ABS-17101,226210,TROCA DA EMBREAGEM VISCOSA; TROCA DA VÁLVULA TERMOSTÁTICA,TIZIL,"R$ 1.259,50",NÃO HOUVE O.S. GEFROE,,
,*****,*****,20/12/2022,AC-17002,,COMPRA DE 01 JOGO DE CALHAS DEFLETORAS DE CHUVA,FAMILIA CASAREJOS,"R$ 175,00",NÃO HOUVE O.S. GEFROE,,
,*****,*****,20/12/2022,AC-17001,,COMPRA DE 01 JOGO DE CALHAS DEFLETORAS DE CHUVA,FAMILIA CASAREJOS,"R$ 175,00",NÃO HOUVE O.S. GEFROE,,
,*****,*****,30/11/2022,ABS-17105,31499,"REVISÃO (1000 HORAS COM TROCA DE ÓLEO 10W40 E FILTROS, ÓLEO DE EIXO 85W140, LÂMPADAS E ANEL DE VEDAÇÃO",DIBRACAM,R$ -,,,